pet_id,data,idade_anos,peso_kg,atividade_diaria_pct,sono_diario_pct,consumo_agua_ml,status
1000,2026-08-29,3.0,12.1,83.38,43.63,325.11,0
1000,2026-08-30,3.0,12.71,60.36,53.98,528.18,0
1000,2026-08-31,3.0,12.94,59.34,58.96,667.6,0
1000,2026-09-01,3.0,12.72,70.61,54.71,486.2,0
1000,2026-09-02,3.0,12.07,71.11,54.87,434.16,0
1000,2026-09-03,3.0,12.85,73.77,46.39,406.29,0
1000,2026-09-04,3.0,12.51,68.86,53.21,624.93,0
1000,2026-09-05,3.0,12.45,70.72,41.6,422.08,1
1000,2026-09-06,3.0,12.59,66.49,56.74,462.88,0
1000,2026-09-07,3.0,12.29,57.24,44.99,604.17,0
1001,2026-09-02,1.7,12.28,67.5,59.18,505.03,0
1001,2026-09-04,1.7,12.59,63.82,66.4,461.16,1
1001,2026-09-06,1.7,12.66,66.45,57.28,534.31,0
1001,2026-09-07,1.7,12.49,82.04,76.85,453.33,0
1001,2026-09-08,1.7,12.29,68.69,37.61,522.86,0
1001,2026-09-09,1.7,12.19,66.04,44.35,434.51,0
1001,2026-09-10,1.7,12.33,77.82,54.97,433.78,0
1001,2026-09-11,1.7,12.42,68.75,51.73,339.46,1
1001,2026-09-12,1.7,12.35,60.18,62.6,516.74,2
1001,2026-09-13,1.7,11.98,71.46,45.07,532.99,0
1002,2026-08-21,12.5,8.74,61.07,53.37,478.97,0
1002,2026-08-23,12.5,8.54,70.21,47.37,430.04,1
1002,2026-08-25,12.5,9.21,67.34,49.72,506.43,1
1002,2026-08-26,12.5,8.75,65.88,40.52,413.3,1
1002,2026-08-27,12.5,8.93,65.37,42.39,572.48,0
1002,2026-08-29,12.5,9.1,80.49,61.11,509.02,0
1002,2026-08-31,12.5,8.67,53.46,53.46,480.13,1
1002,2026-09-01,12.5,8.63,68.84,39.34,466.81,0
1002,2026-09-03,12.5,9.02,59.02,49.08,531.89,0
1002,2026-09-05,12.5,9.02,61.88,42.72,494.99,0
1002,2026-09-06,12.5,8.66,73.38,40.01,610.27,0
1002,2026-09-08,12.5,9.02,61.95,45.61,558.93,0
1002,2026-09-09,12.5,9.07,72.73,48.97,440.28,0
1002,2026-09-11,12.5,8.76,82.02,40.75,478.03,0
1002,2026-09-12,12.5,8.74,82.39,59.72,588.75,0
1002,2026-09-13,12.5,9.17,59.62,54.56,549.39,0
1003,2026-08-20,5.7,9.05,75.15,30.87,430.1,0
1003,2026-08-22,5.7,9.19,71.69,56.8,499.84,0
1003,2026-08-23,5.7,8.79,57.25,32.55,446.16,1
1003,2026-08-25,5.7,8.68,74.17,25.34,568.14,0
1003,2026-08-27,5.7,8.72,56.08,53.75,419.15,2
1003,2026-08-29,5.7,9.15,58.03,53.73,551.71,0
1003,2026-08-30,5.7,9.04,64.46,64.96,480.07,0
1003,2026-08-31,5.7,9.31,63.39,35.09,563.56,0
1003,2026-09-01,5.7,8.83,65.54,53.29,486.92,0
1003,2026-09-02,5.7,9.26,84.28,56.94,441.51,0
1003,2026-09-03,5.7,8.76,90.04,58.03,340.06,0
1003,2026-09-05,5.7,9.24,75.36,39.03,443.11,0
1003,2026-09-06,5.7,8.59,89.0,41.16,489.76,0
1003,2026-09-08,5.7,9.2,88.86,85.56,429.66,0
1003,2026-09-10,5.7,9.26,71.02,50.09,734.87,1
1003,2026-09-11,5.7,9.15,71.42,43.87,480.22,0
1003,2026-09-12,5.7,9.03,72.44,58.18,352.37,0
1003,2026-09-13,5.7,8.89,66.9,49.27,494.41,1
1004,2026-08-15,5.2,22.47,62.07,35.16,514.37,0
1004,2026-08-17,5.2,22.51,64.44,48.46,551.7,0
1004,2026-08-18,5.2,22.54,82.17,41.89,561.37,0
1004,2026-08-19,5.2,22.68,69.52,43.78,367.85,0
1004,2026-08-21,5.2,22.27,59.36,50.49,395.56,0
1004,2026-08-23,5.2,22.34,72.83,44.3,655.54,2
1004,2026-08-24,5.2,22.68,67.61,40.03,530.89,1
1004,2026-08-25,5.2,22.84,78.96,59.89,576.57,0
1004,2026-08-26,5.2,22.65,75.53,51.32,480.74,0
1004,2026-08-28,5.2,22.47,66.6,56.39,531.59,1
1004,2026-08-30,5.2,22.6,52.9,50.87,440.32,2
1004,2026-08-31,5.2,22.65,60.13,38.94,570.48,1
1004,2026-09-02,5.2,22.6,90.16,69.86,433.57,1
1004,2026-09-04,5.2,22.44,81.3,41.33,481.96,0
1004,2026-09-06,5.2,22.71,66.83,45.89,623.39,0
1004,2026-09-07,5.2,22.2,66.17,40.75,374.73,0
1004,2026-09-09,5.2,22.62,60.77,49.75,693.77,2
1004,2026-09-10,5.2,22.42,72.0,48.29,596.08,0
1004,2026-09-12,5.2,22.61,69.95,53.76,667.6,1
1005,2026-08-24,14.7,13.21,71.79,36.22,363.16,0
1005,2026-08-26,14.7,13.29,64.77,46.95,515.79,0
1005,2026-08-27,14.7,13.51,71.3,34.61,414.43,0
1005,2026-08-28,14.7,13.75,71.34,58.07,546.77,0
1005,2026-08-29,14.7,13.26,65.21,59.39,528.6,2
1005,2026-08-31,14.7,13.21,68.75,55.48,415.71,0
1005,2026-09-01,14.7,13.27,81.24,50.43,305.07,2
1005,2026-09-03,14.7,13.32,73.1,42.96,597.87,0
1005,2026-09-04,14.7,13.32,78.25,58.46,590.54,0
1005,2026-09-06,14.7,13.25,61.09,31.63,299.97,0
1005,2026-09-08,14.7,13.09,72.62,54.63,638.41,0
1005,2026-09-09,14.7,13.24,77.56,55.01,653.95,0
1005,2026-09-10,14.7,13.41,76.84,46.31,549.09,0
1005,2026-09-11,14.7,13.42,69.92,64.54,382.26,0
1005,2026-09-12,14.7,13.15,60.85,49.19,526.78,0
1005,2026-09-13,14.7,13.32,73.5,51.39,421.71,1
1006,2026-08-28,3.4,10.86,65.25,38.56,432.62,1
1006,2026-08-29,3.4,10.63,69.99,44.78,542.59,0
1006,2026-08-31,3.4,11.27,76.89,62.09,675.6,0
1006,2026-09-02,3.4,10.77,75.28,42.09,545.49,1
1006,2026-09-03,3.4,10.92,63.94,59.24,526.22,0
1006,2026-09-04,3.4,10.78,70.48,38.34,412.82,0
1006,2026-09-05,3.4,10.87,59.98,47.04,523.21,0
1006,2026-09-06,3.4,10.73,75.72,58.29,412.17,0
1006,2026-09-07,3.4,10.96,82.6,57.13,391.34,2
1006,2026-09-08,3.4,11.01,71.72,72.51,410.7,0
1006,2026-09-09,3.4,10.94,87.39,62.69,452.81,0
1006,2026-09-10,3.4,11.0,67.03,54.85,542.97,0
1006,2026-09-11,3.4,10.96,58.12,33.68,447.19,2
1006,2026-09-12,3.4,10.88,71.15,47.11,293.14,0
1006,2026-09-13,3.4,10.44,74.69,64.48,374.97,0
1007,2026-08-28,10.6,13.52,88.18,52.72,585.01,2
1007,2026-08-29,10.6,13.36,69.11,39.57,410.92,2
1007,2026-08-30,10.6,13.59,81.32,45.13,499.82,1
1007,2026-08-31,10.6,13.38,69.44,49.84,478.95,0
1007,2026-09-01,10.6,13.21,79.64,47.38,439.98,0
1007,2026-09-02,10.6,13.4,64.53,43.19,480.15,0
1007,2026-09-03,10.6,13.59,68.0,58.02,386.31,0
1007,2026-09-04,10.6,13.37,66.0,44.75,587.87,0
1007,2026-09-05,10.6,13.39,63.51,40.39,479.49,0
1007,2026-09-07,10.6,13.68,77.6,52.78,406.52,1
1007,2026-09-08,10.6,13.31,85.54,69.75,425.87,0
1007,2026-09-09,10.6,13.12,78.7,23.11,378.95,0
1007,2026-09-11,10.6,13.32,79.47,36.81,503.29,0
1007,2026-09-12,10.6,13.43,65.12,35.43,610.98,0
1008,2026-08-31,12.4,18.14,68.22,66.35,425.71,0
1008,2026-09-02,12.4,17.75,69.98,45.21,465.52,0
1008,2026-09-04,12.4,18.23,79.59,52.01,341.91,1
1008,2026-09-06,12.4,18.11,62.26,38.84,410.01,0
1008,2026-09-07,12.4,18.21,63.71,48.6,510.82,0
1008,2026-09-09,12.4,17.9,68.17,37.91,463.75,0
1008,2026-09-10,12.4,18.06,71.8,41.23,452.41,0
1008,2026-09-11,12.4,18.11,64.04,63.38,374.63,1
1008,2026-09-12,12.4,17.92,66.11,56.48,488.24,0
1008,2026-09-13,12.4,18.27,82.4,37.5,371.28,0
1009,2026-08-26,1.1,7.57,64.82,57.0,398.85,0
1009,2026-08-28,1.1,7.4,66.46,48.23,647.05,0
1009,2026-08-29,1.1,7.34,94.99,43.99,539.81,0
1009,2026-08-31,1.1,7.25,77.71,43.51,516.89,0
1009,2026-09-01,1.1,7.05,79.82,39.98,479.1,0
1009,2026-09-02,1.1,6.62,72.75,73.57,372.3,1
1009,2026-09-03,1.1,7.19,60.63,70.13,509.91,0
1009,2026-09-05,1.1,6.99,72.24,59.56,660.34,0
1009,2026-09-07,1.1,6.96,72.17,39.16,500.17,0
1009,2026-09-09,1.1,7.36,72.12,52.81,468.12,1
1009,2026-09-10,1.1,6.78,60.1,48.78,503.85,1
1009,2026-09-11,1.1,6.89,95.07,46.6,520.79,1
1009,2026-09-12,1.1,7.5,85.81,42.22,479.35,2
1009,2026-09-13,1.1,7.22,63.41,61.3,434.74,1
1010,2026-08-31,10.2,13.32,68.99,33.0,574.83,0
1010,2026-09-01,10.2,13.5,52.98,60.39,417.99,0
1010,2026-09-03,10.2,13.47,65.93,58.27,431.05,2
1010,2026-09-05,10.2,13.19,82.31,34.31,624.39,0
1010,2026-09-06,10.2,13.88,66.71,69.7,559.93,0
1010,2026-09-08,10.2,13.67,52.5,33.63,360.46,0
1010,2026-09-10,10.2,13.32,71.24,42.25,591.4,0
1010,2026-09-11,10.2,13.59,67.9,36.54,422.78,0
1010,2026-09-12,10.2,13.64,62.35,53.05,450.05,0
1010,2026-09-13,10.2,13.57,87.82,37.46,306.91,2
1011,2026-08-23,14.3,16.35,62.8,54.12,763.72,2
1011,2026-08-25,14.3,16.16,70.08,57.65,544.34,0
1011,2026-08-27,14.3,16.33,75.66,37.94,438.52,1
1011,2026-08-29,14.3,16.22,67.5,45.33,473.04,0
1011,2026-08-31,14.3,16.24,49.66,48.06,462.87,0
1011,2026-09-01,14.3,16.56,55.5,54.36,533.15,1
1011,2026-09-03,14.3,16.08,77.62,52.35,440.36,1
1011,2026-09-04,14.3,16.42,62.96,46.46,407.48,1
1011,2026-09-05,14.3,16.48,64.13,34.74,590.59,1
1011,2026-09-06,14.3,16.06,62.03,43.44,519.27,0
1011,2026-09-08,14.3,16.28,51.12,50.41,338.23,0
1011,2026-09-09,14.3,16.43,81.33,67.66,678.11,0
1011,2026-09-10,14.3,16.26,90.28,34.49,677.94,0
1011,2026-09-11,14.3,16.17,54.71,43.51,636.44,0
1011,2026-09-12,14.3,16.27,58.72,72.55,413.35,0
1011,2026-09-13,14.3,16.56,93.81,32.13,497.6,0
1012,2026-08-25,2.3,23.74,72.56,47.92,455.68,2
1012,2026-08-27,2.3,23.84,86.57,55.02,467.62,0
1012,2026-08-28,2.3,23.7,63.07,53.18,467.54,2
1012,2026-08-29,2.3,23.99,83.29,44.72,445.66,0
1012,2026-08-30,2.3,24.01,66.42,49.76,510.0,0
1012,2026-08-31,2.3,23.86,76.16,41.19,377.4,1
1012,2026-09-02,2.3,23.82,71.15,51.81,603.28,0
1012,2026-09-03,2.3,24.17,73.83,56.41,357.79,2
1012,2026-09-05,2.3,23.9,69.89,49.99,446.48,0
1012,2026-09-06,2.3,23.88,74.59,75.86,448.61,2
1012,2026-09-08,2.3,23.97,67.37,60.31,496.91,0
1012,2026-09-09,2.3,23.76,76.61,60.49,410.71,0
1012,2026-09-10,2.3,23.98,68.66,61.88,539.26,0
1012,2026-09-11,2.3,23.91,68.87,57.94,369.77,0
1012,2026-09-12,2.3,23.97,70.76,67.14,683.34,0
1012,2026-09-13,2.3,23.64,67.91,69.16,362.19,0
1013,2026-09-02,13.5,9.44,63.59,52.57,468.59,0
1013,2026-09-04,13.5,9.11,72.25,62.18,242.34,0
1013,2026-09-05,13.5,9.31,59.24,58.52,577.91,1
1013,2026-09-07,13.5,9.26,59.6,45.13,593.25,0
1013,2026-09-08,13.5,9.19,66.61,60.12,420.83,0
1013,2026-09-09,13.5,9.49,86.09,44.79,474.12,0
1013,2026-09-10,13.5,9.17,68.76,57.12,297.22,0
1013,2026-09-11,13.5,9.15,60.16,47.02,566.46,0
1013,2026-09-12,13.5,9.63,77.64,48.62,537.08,0
1013,2026-09-13,13.5,9.44,64.68,54.87,546.8,0
1014,2026-08-15,9.1,11.55,66.92,41.06,629.63,1
1014,2026-08-17,9.1,11.67,60.21,50.84,569.49,0
1014,2026-08-18,9.1,11.52,80.83,55.29,531.15,0
1014,2026-08-20,9.1,11.66,89.12,66.47,596.36,2
1014,2026-08-22,9.1,11.15,56.61,51.75,493.82,1
1014,2026-08-24,9.1,11.01,65.76,48.31,417.42,1
1014,2026-08-26,9.1,11.46,77.25,49.56,550.03,0
1014,2026-08-27,9.1,11.7,83.79,38.62,496.98,2
1014,2026-08-28,9.1,11.5,55.49,53.56,517.48,1
1014,2026-08-29,9.1,11.61,79.04,63.57,545.18,0
1014,2026-08-31,9.1,11.65,78.98,55.35,626.22,2
1014,2026-09-01,9.1,11.44,66.84,54.49,591.7,0
1014,2026-09-03,9.1,11.84,61.37,41.54,432.95,0
1014,2026-09-05,9.1,11.18,68.0,60.35,540.65,0
1014,2026-09-06,9.1,11.75,73.15,37.21,528.05,0
1014,2026-09-08,9.1,11.75,64.67,44.62,438.91,2
1014,2026-09-10,9.1,11.67,86.5,43.99,476.39,0
1014,2026-09-11,9.1,11.66,72.12,54.0,591.15,0
1014,2026-09-12,9.1,11.34,67.81,46.78,310.34,2
1014,2026-09-13,9.1,11.7,79.48,40.13,541.32,2
1015,2026-08-22,9.4,12.01,83.33,44.79,395.63,0
1015,2026-08-24,9.4,12.35,54.29,55.93,445.12,0
1015,2026-08-25,9.4,11.93,85.95,32.34,279.62,0
1015,2026-08-27,9.4,12.21,60.76,44.85,477.41,0
1015,2026-08-28,9.4,11.86,68.08,47.54,499.89,0
1015,2026-08-29,9.4,11.82,63.45,45.5,495.76,0
1015,2026-08-31,9.4,12.17,62.6,58.98,615.42,0
1015,2026-09-01,9.4,12.0,61.18,65.96,522.3,1
1015,2026-09-03,9.4,11.67,71.35,43.82,264.98,0
1015,2026-09-04,9.4,11.75,75.74,46.58,376.54,0
1015,2026-09-05,9.4,11.89,81.97,49.63,503.08,0
1015,2026-09-07,9.4,11.8,79.17,63.01,428.6,0
1015,2026-09-09,9.4,11.79,83.7,36.11,446.38,0
1015,2026-09-10,9.4,11.67,78.37,41.63,326.48,2
1015,2026-09-11,9.4,12.06,66.14,46.71,514.0,0
1015,2026-09-12,9.4,11.86,71.17,59.73,646.23,0
1015,2026-09-13,9.4,11.96,71.38,35.43,311.3,0
1016,2026-08-20,9.4,16.29,87.29,38.51,485.53,1
1016,2026-08-21,9.4,16.51,73.2,56.32,415.21,0
1016,2026-08-23,9.4,16.62,70.81,39.53,438.62,0
1016,2026-08-24,9.4,16.76,64.81,54.73,504.52,0
1016,2026-08-26,9.4,16.29,66.5,44.7,473.75,1
1016,2026-08-27,9.4,16.83,60.82,60.82,303.03,1
1016,2026-08-28,9.4,16.99,58.56,56.09,470.71,0
1016,2026-08-30,9.4,16.55,75.34,48.13,482.82,1
1016,2026-08-31,9.4,16.8,93.79,50.3,567.77,0
1016,2026-09-01,9.4,16.68,54.17,68.1,498.46,2
1016,2026-09-03,9.4,16.55,79.56,40.78,651.94,0
1016,2026-09-04,9.4,16.75,80.26,58.69,401.35,0
1016,2026-09-05,9.4,16.9,57.65,57.57,366.3,0
1016,2026-09-07,9.4,16.74,81.1,58.5,374.99,0
1016,2026-09-09,9.4,16.85,58.84,58.63,376.3,0
1016,2026-09-11,9.4,16.39,72.92,69.23,614.88,0
1016,2026-09-13,9.4,16.76,79.88,54.13,487.94,0
1017,2026-08-23,4.8,11.52,68.52,49.05,526.11,0
1017,2026-08-24,4.8,11.71,80.26,58.13,606.14,0
1017,2026-08-25,4.8,11.38,72.84,42.98,628.89,1
1017,2026-08-27,4.8,11.6,43.56,65.85,399.49,0
1017,2026-08-29,4.8,11.78,75.79,66.0,805.17,0
1017,2026-08-30,4.8,11.66,67.39,27.55,694.69,0
1017,2026-08-31,4.8,11.37,75.99,72.68,599.32,2
1017,2026-09-01,4.8,11.7,62.14,63.98,351.39,0
1017,2026-09-02,4.8,11.53,59.94,56.08,458.86,2
1017,2026-09-03,4.8,11.62,84.91,46.85,471.04,0
1017,2026-09-05,4.8,11.8,77.42,54.4,532.24,0
1017,2026-09-06,4.8,11.45,61.29,43.85,462.8,1
1017,2026-09-08,4.8,11.29,71.94,68.74,451.58,1
1017,2026-09-10,4.8,11.98,64.29,40.02,526.1,2
1017,2026-09-11,4.8,11.6,79.06,53.62,479.21,0
1017,2026-09-12,4.8,11.76,60.68,48.49,512.21,0
1017,2026-09-13,4.8,11.3,83.43,51.49,452.93,0
1018,2026-08-29,14.1,15.17,73.5,68.64,425.34,0
1018,2026-08-30,14.1,14.99,78.57,52.65,513.89,1
1018,2026-09-01,14.1,15.01,67.18,55.78,503.8,0
1018,2026-09-03,14.1,15.41,62.5,62.68,410.84,1
1018,2026-09-05,14.1,14.91,85.19,62.71,697.71,0
1018,2026-09-07,14.1,14.72,56.46,45.65,538.26,0
1018,2026-09-08,14.1,15.02,72.73,45.54,462.38,0
1018,2026-09-09,14.1,15.23,76.04,36.64,534.12,2
1018,2026-09-10,14.1,15.07,74.51,56.19,375.74,0
1018,2026-09-11,14.1,14.99,60.15,36.92,423.09,0
1018,2026-09-12,14.1,15.37,60.27,56.46,443.29,0
1018,2026-09-13,14.1,15.37,86.32,44.49,595.25,0
1019,2026-08-19,14.2,20.16,73.43,58.07,584.52,2
1019,2026-08-21,14.2,20.47,71.15,68.0,457.75,0
1019,2026-08-23,14.2,20.66,83.03,62.13,530.9,0
1019,2026-08-24,14.2,20.18,80.89,53.73,302.29,0
1019,2026-08-26,14.2,20.34,67.86,56.55,554.87,0
1019,2026-08-28,14.2,20.42,71.83,52.02,539.13,1
1019,2026-08-29,14.2,20.35,79.34,51.35,350.22,0
1019,2026-08-30,14.2,20.41,70.18,55.3,570.49,1
1019,2026-09-01,14.2,20.32,57.95,62.14,570.07,1
1019,2026-09-02,14.2,20.34,79.53,48.51,382.05,2
1019,2026-09-04,14.2,20.47,51.31,42.28,617.2,1
1019,2026-09-05,14.2,20.78,60.02,55.99,565.22,0
1019,2026-09-06,14.2,20.37,65.7,36.24,550.84,2
1019,2026-09-08,14.2,20.34,66.05,59.39,432.79,2
1019,2026-09-09,14.2,20.25,64.27,53.32,461.73,0
1019,2026-09-11,14.2,20.89,74.41,41.93,567.35,0
1019,2026-09-12,14.2,20.51,70.64,47.71,555.57,0
1019,2026-09-13,14.2,20.45,71.42,52.02,293.48,0
1020,2026-08-30,9.6,18.93,61.91,42.15,425.24,0
1020,2026-08-31,9.6,19.06,95.14,43.75,541.28,0
1020,2026-09-01,9.6,19.24,75.73,29.89,640.26,0
1020,2026-09-02,9.6,18.93,56.23,49.15,538.87,2
1020,2026-09-03,9.6,18.84,60.23,58.44,543.85,0
1020,2026-09-05,9.6,18.75,79.72,65.59,448.83,0
1020,2026-09-07,9.6,18.8,59.94,38.8,538.37,2
1020,2026-09-09,9.6,18.75,77.13,67.06,503.25,0
1020,2026-09-11,9.6,18.66,76.44,43.37,402.37,0
1020,2026-09-12,9.6,18.7,58.08,62.84,557.2,0
1020,2026-09-13,9.6,18.59,74.35,49.53,440.47,0
1021,2026-08-15,11.9,13.63,79.73,47.17,563.54,1
1021,2026-08-16,11.9,13.56,75.9,46.48,447.63,0
1021,2026-08-18,11.9,13.52,74.75,65.19,596.46,0
1021,2026-08-19,11.9,13.42,62.83,40.24,539.11,1
1021,2026-08-21,11.9,13.47,81.06,31.75,365.07,0
1021,2026-08-22,11.9,13.26,32.91,49.17,517.3,0
1021,2026-08-23,11.9,13.7,68.34,37.86,336.97,0
1021,2026-08-24,11.9,13.25,79.7,64.17,385.22,1
1021,2026-08-25,11.9,13.33,76.57,51.7,510.36,0
1021,2026-08-27,11.9,13.54,70.84,60.33,409.18,0
1021,2026-08-29,11.9,13.4,61.65,52.72,360.95,0
1021,2026-08-30,11.9,13.19,70.67,33.36,616.33,0
1021,2026-09-01,11.9,13.5,65.96,61.57,441.19,0
1021,2026-09-02,11.9,13.33,61.74,65.39,536.04,0
1021,2026-09-04,11.9,13.52,67.29,44.27,544.84,0
1021,2026-09-06,11.9,13.54,75.15,44.4,340.3,2
1022,2026-08-31,9.4,22.16,52.56,64.74,646.56,0
1022,2026-09-02,9.4,21.91,73.25,41.97,431.58,0
1022,2026-09-04,9.4,21.71,47.78,55.64,443.7,1
1022,2026-09-05,9.4,22.04,63.71,63.99,480.98,1
1022,2026-09-07,9.4,22.4,67.96,51.57,444.05,0
1022,2026-09-09,9.4,22.21,73.17,69.13,450.67,0
1022,2026-09-10,9.4,22.2,72.7,47.62,445.4,0
1022,2026-09-11,9.4,22.26,64.4,48.45,378.36,0
1022,2026-09-12,9.4,22.11,60.74,54.79,586.51,2
1022,2026-09-13,9.4,22.11,65.78,50.18,315.74,0
1023,2026-09-02,7.5,15.87,58.58,51.61,474.21,0
1023,2026-09-04,7.5,15.63,74.06,68.32,477.14,0
1023,2026-09-05,7.5,15.71,69.38,54.77,616.63,0
1023,2026-09-06,7.5,16.06,63.44,48.44,644.21,0
1023,2026-09-07,7.5,15.74,67.05,52.57,360.81,0
1023,2026-09-09,7.5,15.34,74.61,45.32,525.18,0
1023,2026-09-10,7.5,15.46,63.74,51.76,543.41,0
1023,2026-09-11,7.5,15.32,53.4,42.01,458.63,0
1023,2026-09-12,7.5,15.67,75.78,46.09,460.12,0
1023,2026-09-13,7.5,15.6,69.13,61.95,553.14,0
1024,2026-09-01,10.1,15.66,77.25,50.38,466.71,2
1024,2026-09-03,10.1,15.68,62.38,64.6,382.85,1
1024,2026-09-05,10.1,15.44,81.69,48.25,509.52,0
1024,2026-09-06,10.1,15.31,57.9,54.38,611.53,0
1024,2026-09-08,10.1,15.48,80.25,53.06,384.65,0
1024,2026-09-09,10.1,15.32,79.15,45.83,417.41,0
1024,2026-09-10,10.1,15.48,66.35,61.6,509.96,1
1024,2026-09-11,10.1,15.48,70.72,53.94,470.29,1
1024,2026-09-12,10.1,15.39,71.21,59.42,538.51,1
1024,2026-09-13,10.1,15.24,74.79,43.51,536.91,0
1025,2026-08-19,8.5,4.83,62.35,45.35,676.84,0
1025,2026-08-20,8.5,4.81,58.88,56.36,426.8,2
1025,2026-08-22,8.5,4.71,70.0,52.35,547.65,0
1025,2026-08-23,8.5,4.8,80.18,44.93,393.06,1
1025,2026-08-25,8.5,4.37,65.48,49.92,583.49,0
1025,2026-08-26,8.5,4.61,71.52,68.47,418.6,0
1025,2026-08-28,8.5,4.85,66.69,41.39,534.54,0
1025,2026-08-29,8.5,4.76,64.54,63.91,312.93,0
1025,2026-08-31,8.5,4.88,61.5,48.12,501.23,0
1025,2026-09-02,8.5,5.11,68.51,51.67,598.02,1
1025,2026-09-03,8.5,4.63,76.66,54.72,547.56,1
1025,2026-09-05,8.5,4.69,90.03,47.96,602.22,1
1025,2026-09-06,8.5,4.71,72.99,49.35,389.72,0
1025,2026-09-07,8.5,4.65,58.96,50.54,565.24,0
1025,2026-09-08,8.5,4.78,78.43,46.1,381.05,0
1025,2026-09-10,8.5,5.04,75.24,40.61,453.8,1
1025,2026-09-11,8.5,4.48,63.57,41.61,668.09,1
1025,2026-09-12,8.5,4.9,64.99,45.32,419.14,0
1025,2026-09-13,8.5,4.65,49.24,54.51,409.18,0
1026,2026-08-20,9.2,24.38,66.95,56.44,617.02,0
1026,2026-08-22,9.2,24.75,50.66,38.42,505.71,0
1026,2026-08-24,9.2,24.49,59.41,62.51,489.94,0
1026,2026-08-25,9.2,24.61,81.08,57.0,478.16,0
1026,2026-08-27,9.2,24.66,80.18,58.76,731.25,0
1026,2026-08-28,9.2,24.94,74.29,46.57,517.82,0
1026,2026-08-30,9.2,24.91,59.98,44.47,423.64,1
1026,2026-09-01,9.2,24.65,74.38,54.67,570.53,1
1026,2026-09-02,9.2,24.84,79.26,50.85,479.66,1
1026,2026-09-04,9.2,24.4,86.21,50.84,321.47,0
1026,2026-09-05,9.2,24.2,82.54,59.88,654.36,0
1026,2026-09-06,9.2,24.56,92.33,48.08,567.89,2
1026,2026-09-07,9.2,24.99,70.78,49.31,467.52,1
1026,2026-09-08,9.2,24.61,75.53,42.78,655.59,0
1026,2026-09-10,9.2,24.74,90.49,36.13,389.29,1
1026,2026-09-11,9.2,24.9,75.14,42.96,488.19,0
1026,2026-09-12,9.2,24.64,69.01,60.98,549.51,0
1026,2026-09-13,9.2,24.66,77.46,41.8,593.82,0
1027,2026-08-19,11.9,6.65,81.4,51.51,485.41,2
1027,2026-08-20,11.9,6.56,96.31,58.46,497.08,0
1027,2026-08-22,11.9,6.47,68.18,55.53,491.69,0
1027,2026-08-24,11.9,6.8,65.06,50.98,642.57,0
1027,2026-08-25,11.9,6.71,66.8,62.54,409.39,2
1027,2026-08-27,11.9,6.67,67.99,49.6,308.67,0
1027,2026-08-28,11.9,6.6,93.53,59.48,507.92,0
1027,2026-08-29,11.9,6.58,62.7,38.88,489.29,2
1027,2026-08-30,11.9,6.63,57.71,54.03,577.07,0
1027,2026-09-01,11.9,6.62,71.27,53.68,671.91,0
1027,2026-09-02,11.9,6.9,67.24,42.38,507.18,0
1027,2026-09-04,11.9,6.51,70.98,36.01,362.57,0
1027,2026-09-05,11.9,6.39,67.8,63.37,408.35,0
1027,2026-09-07,11.9,6.63,63.31,52.02,596.08,0
1027,2026-09-09,11.9,6.58,77.7,52.7,532.97,0
1027,2026-09-10,11.9,6.52,56.96,44.95,547.64,0
1027,2026-09-11,11.9,6.49,70.64,54.29,678.85,1
1027,2026-09-12,11.9,6.01,68.45,45.12,503.06,0
1027,2026-09-13,11.9,6.48,77.1,52.12,532.7,0
1028,2026-08-22,7.5,9.1,54.82,60.31,426.03,1
1028,2026-08-24,7.5,8.91,79.26,36.19,686.3,0
1028,2026-08-25,7.5,8.86,64.32,46.35,519.09,2
1028,2026-08-27,7.5,8.9,62.2,46.54,595.12,1
1028,2026-08-28,7.5,8.66,42.26,45.98,685.13,0
1028,2026-08-30,7.5,8.83,69.35,55.22,430.5,0
1028,2026-08-31,7.5,8.82,69.14,30.79,558.9,0
1028,2026-09-02,7.5,8.57,80.71,43.38,439.29,0
1028,2026-09-03,7.5,9.01,83.87,49.0,518.76,0
1028,2026-09-04,7.5,8.59,70.84,45.59,562.41,1
1028,2026-09-06,7.5,9.06,79.01,55.95,536.36,0
1028,2026-09-08,7.5,8.91,73.25,39.27,425.93,0
1028,2026-09-09,7.5,8.86,72.53,49.19,408.57,0
1029,2026-09-03,1.1,5.34,70.85,39.36,581.41,0
1029,2026-09-05,1.1,5.2,61.5,48.47,405.58,1
1029,2026-09-06,1.1,4.72,77.91,49.13,581.79,0
1029,2026-09-08,1.1,4.97,61.17,53.71,501.94,0
1029,2026-09-09,1.1,5.4,90.97,80.93,496.1,1
1029,2026-09-10,1.1,5.06,86.06,53.77,493.19,1
1029,2026-09-11,1.1,4.94,74.69,47.47,401.65,0
1029,2026-09-12,1.1,5.14,91.0,67.79,346.19,1
1029,2026-09-13,1.1,5.13,78.3,35.04,608.88,0
1030,2026-08-16,2.9,17.11,73.26,43.0,618.89,0
1030,2026-08-17,2.9,17.35,77.57,40.53,380.07,0
1030,2026-08-19,2.9,17.68,77.23,56.95,638.08,0
1030,2026-08-21,2.9,16.77,63.12,56.62,418.77,0
1030,2026-08-22,2.9,17.24,40.64,29.68,441.48,0
1030,2026-08-23,2.9,17.44,39.94,61.15,516.44,0
1030,2026-08-24,2.9,17.81,55.67,62.79,600.49,1
1030,2026-08-26,2.9,17.5,87.63,54.64,705.99,1
1030,2026-08-27,2.9,17.38,71.05,34.65,564.51,0
1030,2026-08-29,2.9,17.27,62.51,65.16,296.65,0
1030,2026-08-31,2.9,17.69,61.98,66.07,569.26,1
1030,2026-09-02,2.9,17.71,70.99,48.09,633.73,0
1030,2026-09-04,2.9,17.21,67.29,36.59,370.64,0
1030,2026-09-05,2.9,17.63,91.0,61.9,447.21,2
1030,2026-09-06,2.9,17.34,61.79,59.9,616.27,0
1030,2026-09-08,2.9,17.2,75.54,28.48,482.36,0
1030,2026-09-09,2.9,17.16,73.51,56.3,468.95,2
1030,2026-09-10,2.9,17.31,79.46,63.52,559.57,0
1030,2026-09-11,2.9,17.08,64.37,46.84,662.08,1
1031,2026-08-27,6.9,8.51,74.91,64.93,407.24,0
1031,2026-08-29,6.9,8.59,66.21,40.54,573.22,0
1031,2026-08-30,6.9,8.77,43.36,40.84,503.85,0
1031,2026-09-01,6.9,8.58,49.89,46.36,481.96,1
1031,2026-09-03,6.9,8.77,66.3,67.96,346.13,1
1031,2026-09-04,6.9,8.8,61.16,63.55,468.57,1
1031,2026-09-06,6.9,8.88,60.53,30.42,347.06,0
1031,2026-09-07,6.9,8.75,75.75,57.82,562.61,0
1031,2026-09-09,6.9,8.59,62.77,80.76,440.23,0
1031,2026-09-11,6.9,8.94,69.01,46.76,483.56,2
1032,2026-08-19,11.0,7.39,51.96,61.94,608.47,0
1032,2026-08-20,11.0,7.93,74.8,53.15,667.55,0
1032,2026-08-22,11.0,8.0,67.99,59.4,440.9,2
1032,2026-08-24,11.0,7.98,80.39,41.73,482.14,0
1032,2026-08-25,11.0,7.75,71.76,43.3,557.56,0
1032,2026-08-26,11.0,7.75,71.89,52.68,365.68,0
1032,2026-08-27,11.0,7.79,87.29,59.02,307.22,1
1032,2026-08-28,11.0,8.12,61.31,53.17,419.8,0
1032,2026-08-30,11.0,7.66,63.52,41.16,478.45,0
1032,2026-08-31,11.0,7.8,65.08,40.85,563.31,0
1032,2026-09-01,11.0,7.56,75.21,44.6,691.56,0
1032,2026-09-03,11.0,7.93,77.38,50.18,487.13,0
1032,2026-09-04,11.0,7.68,75.59,37.17,586.53,2
1032,2026-09-06,11.0,7.7,49.87,62.72,573.11,1
1032,2026-09-08,11.0,7.74,83.29,43.39,465.88,1
1032,2026-09-09,11.0,7.81,72.24,44.1,641.67,0
1032,2026-09-10,11.0,7.56,60.0,57.46,609.6,0
1032,2026-09-11,11.0,7.75,75.16,44.33,479.3,0
1032,2026-09-12,11.0,7.86,71.34,38.53,461.12,0
1032,2026-09-13,11.0,7.95,73.62,43.86,480.98,1
1033,2026-08-29,9.1,5.88,71.18,37.17,463.95,0
1033,2026-08-31,9.1,6.0,62.53,50.69,376.57,0
1033,2026-09-01,9.1,6.03,79.09,52.73,455.35,0
1033,2026-09-02,9.1,6.05,76.41,45.98,497.39,2
1033,2026-09-03,9.1,6.18,69.96,40.3,563.69,0
1033,2026-09-04,9.1,6.06,72.7,49.44,423.43,0
1033,2026-09-05,9.1,5.62,75.44,49.13,540.24,1
1033,2026-09-07,9.1,6.01,75.34,53.11,285.06,1
1033,2026-09-08,9.1,6.0,64.37,49.28,626.81,0
1033,2026-09-09,9.1,5.78,65.21,47.26,563.34,0
1033,2026-09-10,9.1,5.91,54.33,52.47,398.6,0
1033,2026-09-11,9.1,5.63,60.15,51.86,562.76,2
1033,2026-09-12,9.1,5.97,84.4,58.09,376.44,0
1033,2026-09-13,9.1,5.93,65.1,39.93,531.41,0
1034,2026-09-02,9.9,5.93,54.16,44.72,486.74,0
1034,2026-09-03,9.9,6.11,65.12,41.3,574.15,0
1034,2026-09-05,9.9,5.91,74.68,48.07,527.48,0
1034,2026-09-06,9.9,6.02,54.67,52.52,473.25,0
1034,2026-09-07,9.9,5.97,82.34,60.49,426.94,2
1034,2026-09-09,9.9,6.41,59.94,38.26,510.77,0
1034,2026-09-10,9.9,6.41,76.23,68.46,527.97,0
1034,2026-09-11,9.9,6.27,57.6,42.88,387.68,0
1034,2026-09-12,9.9,6.54,68.9,60.76,771.51,0
1034,2026-09-13,9.9,5.96,56.6,28.12,297.44,2
1035,2026-08-23,7.4,16.1,70.67,65.92,535.55,0
1035,2026-08-24,7.4,15.92,75.7,57.67,409.99,0
1035,2026-08-26,7.4,16.54,52.79,55.34,422.21,0
1035,2026-08-28,7.4,16.22,61.43,59.38,673.37,1
1035,2026-08-29,7.4,16.57,82.76,41.83,313.68,2
1035,2026-08-31,7.4,15.95,77.22,50.12,266.32,0
1035,2026-09-01,7.4,16.67,62.48,39.9,486.68,1
1035,2026-09-03,7.4,16.42,74.37,56.41,337.15,0
1035,2026-09-04,7.4,16.34,67.4,29.13,452.82,0
1035,2026-09-06,7.4,16.19,84.49,42.83,495.71,1
1035,2026-09-08,7.4,16.17,86.34,53.73,605.72,0
1035,2026-09-09,7.4,16.3,84.55,52.34,447.47,0
1035,2026-09-10,7.4,16.13,72.39,37.06,367.55,2
1035,2026-09-11,7.4,16.44,79.59,42.82,647.96,0
1035,2026-09-12,7.4,16.22,66.71,52.31,641.72,0
1035,2026-09-13,7.4,16.61,71.97,52.82,541.14,0
1036,2026-08-25,9.4,18.57,75.89,71.8,575.9,0
1036,2026-08-26,9.4,18.47,69.23,55.15,493.2,0
1036,2026-08-27,9.4,18.49,70.64,76.58,501.97,2
1036,2026-08-28,9.4,18.11,76.9,58.68,412.75,0
1036,2026-08-29,9.4,18.35,58.65,31.37,569.61,0
1036,2026-08-31,9.4,18.31,59.89,38.84,661.11,0
1036,2026-09-02,9.4,18.46,47.86,47.83,555.09,0
1036,2026-09-03,9.4,18.11,65.57,44.25,517.48,0
1036,2026-09-04,9.4,18.67,89.31,42.02,659.88,0
1036,2026-09-05,9.4,18.38,73.25,73.29,534.41,1
1036,2026-09-07,9.4,18.13,71.71,42.52,531.35,0
1036,2026-09-08,9.4,18.94,70.9,51.92,430.77,1
1036,2026-09-09,9.4,18.7,90.62,33.53,644.36,0
1036,2026-09-10,9.4,18.54,62.17,60.94,580.78,2
1036,2026-09-11,9.4,18.87,77.86,41.9,525.91,2
1036,2026-09-12,9.4,18.34,62.45,70.29,373.31,0
1036,2026-09-13,9.4,18.48,56.95,47.61,600.69,0
1037,2026-09-02,5.3,12.26,48.95,61.1,408.82,1
1037,2026-09-04,5.3,12.09,79.96,53.4,594.74,2
1037,2026-09-06,5.3,12.4,48.56,45.01,605.01,0
1037,2026-09-08,5.3,12.14,65.21,58.93,586.23,0
1037,2026-09-09,5.3,12.41,81.18,50.91,709.02,0
1037,2026-09-10,5.3,12.47,59.97,57.11,545.3,1
1037,2026-09-11,5.3,12.79,91.19,65.37,607.74,0
1037,2026-09-12,5.3,12.32,67.37,57.83,540.8,0
1037,2026-09-13,5.3,12.52,77.99,48.12,599.42,0
1038,2026-08-22,7.3,14.28,78.96,50.41,452.51,2
1038,2026-08-24,7.3,14.15,82.87,67.85,371.76,0
1038,2026-08-26,7.3,13.97,75.51,69.06,395.58,2
1038,2026-08-27,7.3,14.1,74.97,53.01,448.32,2
1038,2026-08-29,7.3,14.2,75.46,56.29,464.41,1
1038,2026-08-31,7.3,14.05,70.4,46.83,589.31,1
1038,2026-09-02,7.3,14.24,72.03,62.51,404.28,0
1038,2026-09-03,7.3,14.17,87.32,46.93,598.36,1
1038,2026-09-05,7.3,14.13,76.69,64.71,553.66,0
1038,2026-09-06,7.3,13.93,69.99,59.06,325.2,0
1038,2026-09-08,7.3,14.31,56.51,34.54,643.32,1
1038,2026-09-09,7.3,14.42,98.41,56.48,599.27,0
1038,2026-09-10,7.3,14.04,71.85,30.32,336.52,0
1038,2026-09-11,7.3,14.11,95.43,49.3,508.83,0
1038,2026-09-12,7.3,14.07,64.67,51.51,505.05,0
1038,2026-09-13,7.3,13.99,77.46,51.96,521.85,0
1039,2026-08-29,11.3,18.25,89.28,48.48,519.04,2
1039,2026-08-31,11.3,18.18,81.06,38.02,517.29,1
1039,2026-09-01,11.3,18.27,66.03,35.58,657.25,0
1039,2026-09-02,11.3,18.44,63.16,37.55,568.02,0
1039,2026-09-03,11.3,18.64,70.44,68.93,458.02,0
1039,2026-09-05,11.3,18.13,85.73,58.87,392.15,0
1039,2026-09-07,11.3,18.15,39.52,44.03,343.1,2
1039,2026-09-08,11.3,18.37,51.55,57.64,442.97,0
1039,2026-09-09,11.3,18.61,69.17,48.47,697.79,1
1039,2026-09-10,11.3,18.32,63.44,55.31,592.04,1
1039,2026-09-11,11.3,18.24,84.57,52.28,588.38,0
1039,2026-09-12,11.3,18.5,77.39,64.35,374.63,0
1039,2026-09-13,11.3,18.34,81.83,48.06,439.21,1
1040,2026-08-24,13.1,4.5,89.59,52.3,509.99,2
1040,2026-08-25,13.1,4.37,73.94,57.21,382.97,1
1040,2026-08-26,13.1,4.56,84.67,56.33,581.66,0
1040,2026-08-28,13.1,4.32,70.63,44.71,643.49,0
1040,2026-08-30,13.1,4.38,54.87,54.69,494.79,0
1040,2026-08-31,13.1,4.84,75.75,64.39,481.22,0
1040,2026-09-02,13.1,4.22,44.11,45.67,738.84,1
1040,2026-09-04,13.1,4.3,79.82,49.58,587.58,0
1040,2026-09-06,13.1,4.64,67.09,39.18,447.0,0
1040,2026-09-08,13.1,4.17,68.24,65.9,514.34,0
1040,2026-09-09,13.1,4.6,76.87,36.29,575.47,2
1040,2026-09-10,13.1,4.71,88.85,30.18,596.85,0
1040,2026-09-11,13.1,4.5,71.7,36.32,538.7,2
1040,2026-09-12,13.1,4.07,90.78,40.82,474.75,1
1040,2026-09-13,13.1,4.32,67.58,24.23,559.34,0
1041,2026-08-18,6.8,10.48,63.98,48.76,497.22,2
1041,2026-08-19,6.8,10.55,74.43,57.3,482.16,0
1041,2026-08-20,6.8,10.75,67.84,59.31,369.99,2
1041,2026-08-21,6.8,10.27,83.86,56.69,539.17,0
1041,2026-08-22,6.8,10.82,57.17,50.55,609.34,0
1041,2026-08-24,6.8,10.8,72.03,27.83,595.02,0
1041,2026-08-26,6.8,11.14,86.31,33.25,417.16,2
1041,2026-08-28,6.8,10.64,81.79,68.5,525.57,0
1041,2026-08-29,6.8,10.84,85.95,54.8,302.9,0
1041,2026-08-31,6.8,10.63,74.75,61.13,597.38,0
1041,2026-09-01,6.8,10.51,55.26,52.49,359.34,0
1041,2026-09-03,6.8,10.4,82.49,63.73,517.01,0
1042,2026-08-22,1.1,24.35,73.37,47.02,263.49,0
1042,2026-08-23,1.1,24.45,51.99,58.78,491.28,1
1042,2026-08-24,1.1,24.54,76.05,30.08,335.76,0
1042,2026-08-25,1.1,24.24,65.0,68.02,416.9,0
1042,2026-08-27,1.1,24.34,68.32,37.2,429.5,1
1042,2026-08-28,1.1,24.53,65.1,44.33,385.54,0
1042,2026-08-30,1.1,24.33,68.94,45.58,582.19,0
1042,2026-08-31,1.1,24.35,83.97,54.42,369.76,0
1042,2026-09-02,1.1,24.36,67.59,40.96,375.12,0
1042,2026-09-03,1.1,24.35,70.7,61.84,276.13,1
1042,2026-09-05,1.1,24.43,68.34,41.85,561.09,0
1042,2026-09-07,1.1,24.73,70.42,66.67,331.7,0
1042,2026-09-08,1.1,24.55,76.71,40.2,378.28,1
1042,2026-09-09,1.1,24.49,93.05,42.57,348.24,0
1042,2026-09-10,1.1,24.41,62.39,41.61,508.97,1
1042,2026-09-12,1.1,24.73,70.88,54.99,601.76,0
1042,2026-09-13,1.1,24.28,82.59,39.96,605.95,0
1043,2026-08-25,2.8,16.2,73.45,40.25,517.67,0
1043,2026-08-27,2.8,15.64,82.63,39.63,438.73,0
1043,2026-08-28,2.8,16.31,75.71,44.92,661.91,2
1043,2026-08-29,2.8,16.11,80.2,43.33,635.69,0
1043,2026-08-31,2.8,16.01,71.9,26.11,548.99,0
1043,2026-09-01,2.8,16.02,61.73,45.02,562.98,2
1043,2026-09-02,2.8,16.22,78.8,47.92,517.16,1
1043,2026-09-03,2.8,16.32,85.23,55.3,385.49,1
1043,2026-09-05,2.8,16.28,78.38,48.96,455.83,1
1043,2026-09-07,2.8,16.14,70.29,25.11,614.72,1
1043,2026-09-08,2.8,16.18,47.89,34.85,640.59,0
1044,2026-08-30,0.8,9.02,69.38,45.23,505.45,1
1044,2026-09-01,0.8,9.45,66.91,49.37,511.6,0
1044,2026-09-03,0.8,9.41,60.16,55.55,469.41,1
1044,2026-09-05,0.8,9.15,78.81,51.73,578.1,0
1044,2026-09-07,0.8,9.2,55.31,41.88,581.18,0
1044,2026-09-09,0.8,9.26,63.06,45.95,522.0,0
1044,2026-09-10,0.8,9.56,66.93,50.44,504.95,1
1044,2026-09-11,0.8,9.29,90.76,38.09,310.59,0
1044,2026-09-12,0.8,9.24,78.46,54.73,460.07,0
1044,2026-09-13,0.8,9.49,79.11,32.51,286.66,2
1045,2026-09-03,10.0,14.86,71.22,54.64,392.67,0
1045,2026-09-05,10.0,15.16,67.0,37.17,420.38,0
1045,2026-09-07,10.0,15.1,53.94,60.18,332.79,0
1045,2026-09-08,10.0,14.88,55.88,48.06,586.32,1
1045,2026-09-09,10.0,14.83,74.09,45.4,430.36,0
1045,2026-09-10,10.0,14.76,84.74,41.82,430.26,1
1045,2026-09-11,10.0,14.77,82.21,42.07,545.44,0
1045,2026-09-12,10.0,15.09,81.53,46.86,457.36,0
1045,2026-09-13,10.0,15.25,69.99,50.79,435.46,0
1046,2026-08-15,5.3,11.07,71.62,56.82,541.56,0
1046,2026-08-17,5.3,11.37,76.12,48.03,449.01,2
1046,2026-08-19,5.3,11.38,68.2,26.92,335.91,0
1046,2026-08-20,5.3,11.27,69.0,41.8,484.24,0
1046,2026-08-21,5.3,11.08,72.49,55.23,570.42,1
1046,2026-08-23,5.3,11.41,60.8,50.42,482.69,2
1046,2026-08-24,5.3,11.0,58.38,39.86,323.98,0
1046,2026-08-25,5.3,11.18,57.83,51.28,522.62,0
1046,2026-08-26,5.3,10.91,81.41,70.38,408.83,1
1046,2026-08-28,5.3,11.28,70.05,49.42,623.94,0
1046,2026-08-29,5.3,10.77,61.84,61.85,467.41,0
1046,2026-08-31,5.3,11.27,52.91,62.72,354.0,0
1046,2026-09-02,5.3,10.69,67.96,49.78,461.03,0
1046,2026-09-03,5.3,11.11,61.25,34.53,610.65,1
1046,2026-09-05,5.3,11.15,60.87,50.78,358.18,0
1046,2026-09-06,5.3,11.18,86.14,43.13,433.7,0
1046,2026-09-07,5.3,11.2,59.4,34.49,552.74,1
1046,2026-09-09,5.3,11.05,80.01,54.9,541.61,0
1046,2026-09-10,5.3,11.09,74.63,68.88,480.47,2
1047,2026-08-31,8.4,15.23,55.39,47.41,481.07,0
1047,2026-09-01,8.4,15.39,84.42,59.66,561.91,0
1047,2026-09-02,8.4,14.87,74.98,42.25,499.65,0
1047,2026-09-04,8.4,15.28,76.55,52.48,559.66,2
1047,2026-09-05,8.4,15.16,66.01,63.6,615.15,2
1047,2026-09-07,8.4,15.13,73.25,24.08,398.61,0
1047,2026-09-09,8.4,15.49,71.21,39.44,412.59,0
1047,2026-09-10,8.4,15.26,75.16,46.58,444.26,2
1047,2026-09-11,8.4,14.93,58.83,37.72,445.58,0
1047,2026-09-12,8.4,15.02,68.67,39.18,415.12,0
1047,2026-09-13,8.4,14.96,63.61,51.07,630.86,0
1048,2026-08-18,7.7,6.52,75.37,38.34,508.88,1
1048,2026-08-20,7.7,6.79,62.01,43.61,383.43,0
1048,2026-08-21,7.7,6.21,62.1,63.73,505.26,1
1048,2026-08-22,7.7,6.87,63.01,50.64,493.51,0
1048,2026-08-24,7.7,6.57,70.93,63.51,414.72,0
1048,2026-08-25,7.7,6.76,96.92,39.74,509.86,1
1048,2026-08-26,7.7,6.56,69.86,57.44,788.62,1
1048,2026-08-28,7.7,6.48,78.77,40.4,591.25,0
1048,2026-08-29,7.7,6.89,70.22,49.33,361.45,0
1048,2026-08-31,7.7,6.83,76.1,40.16,403.09,0
1048,2026-09-01,7.7,6.62,70.8,40.21,477.08,0
1048,2026-09-02,7.7,6.7,67.21,62.65,638.21,1
1048,2026-09-04,7.7,6.94,45.11,57.25,393.19,0
1048,2026-09-05,7.7,6.5,79.3,56.54,387.72,0
1048,2026-09-07,7.7,6.55,69.32,50.35,330.56,0
1048,2026-09-09,7.7,7.02,81.85,34.27,538.09,1
1048,2026-09-11,7.7,7.03,72.09,39.38,467.28,0
1048,2026-09-13,7.7,6.37,76.04,46.8,397.19,0
1049,2026-08-17,1.7,6.77,75.54,59.68,380.15,0
1049,2026-08-18,1.7,7.01,62.65,53.68,424.44,0
1049,2026-08-19,1.7,6.63,69.59,22.95,468.62,2
1049,2026-08-20,1.7,6.5,80.83,60.57,356.56,0
1049,2026-08-22,1.7,6.84,60.7,56.85,551.21,0
1049,2026-08-24,1.7,6.8,76.51,49.41,574.61,0
1049,2026-08-25,1.7,7.0,64.4,68.69,619.69,0
1049,2026-08-26,1.7,6.59,81.23,45.25,675.24,0
1049,2026-08-28,1.7,7.04,69.42,56.28,647.64,0
1049,2026-08-29,1.7,6.98,59.62,42.93,630.55,0
1049,2026-08-30,1.7,6.8,58.33,50.95,507.64,0
1049,2026-09-01,1.7,6.56,70.42,37.24,472.05,1
1049,2026-09-02,1.7,6.52,64.0,33.17,589.89,0
1049,2026-09-03,1.7,6.31,70.12,39.37,624.78,0
1049,2026-09-04,1.7,6.97,80.31,44.26,610.77,1
1049,2026-09-05,1.7,6.88,75.4,37.73,444.03,0
1049,2026-09-07,1.7,6.71,69.77,55.82,407.3,1
1049,2026-09-08,1.7,7.1,58.22,52.13,335.34,0
1049,2026-09-09,1.7,7.04,89.59,36.55,607.39,1
1050,2026-08-26,6.3,7.15,62.65,45.87,439.15,0
1050,2026-08-28,6.3,7.15,67.82,37.82,404.48,0
1050,2026-08-30,6.3,6.81,63.76,51.38,433.71,0
1050,2026-09-01,6.3,6.77,74.5,41.71,551.74,0
1050,2026-09-03,6.3,6.95,49.46,55.35,538.99,1
1050,2026-09-04,6.3,7.0,83.03,51.22,415.39,0
1050,2026-09-06,6.3,7.3,76.12,55.73,531.52,1
1050,2026-09-07,6.3,6.86,48.83,37.09,510.67,0
1050,2026-09-08,6.3,7.03,59.26,45.83,621.68,0
1050,2026-09-09,6.3,7.15,71.68,39.72,617.18,0
1050,2026-09-10,6.3,6.75,70.72,46.54,527.65,0
1050,2026-09-11,6.3,7.07,97.08,54.65,587.92,0
1050,2026-09-12,6.3,7.29,53.7,31.21,537.75,2
1050,2026-09-13,6.3,7.51,65.43,43.45,493.84,0
1051,2026-08-15,3.7,23.8,81.38,42.74,473.55,1
1051,2026-08-16,3.7,23.63,77.1,62.45,589.73,2
1051,2026-08-18,3.7,23.88,71.47,63.58,531.61,0
1051,2026-08-20,3.7,23.59,67.11,46.0,552.44,0
1051,2026-08-22,3.7,23.8,61.45,29.41,489.99,1
1051,2026-08-23,3.7,23.99,75.19,43.04,467.12,0
1051,2026-08-24,3.7,23.75,72.93,46.69,439.72,0
1051,2026-08-26,3.7,23.64,54.29,45.29,223.63,1
1051,2026-08-28,3.7,24.04,74.77,68.05,441.65,0
1051,2026-08-29,3.7,23.82,81.56,63.98,479.56,0
1051,2026-08-30,3.7,23.65,70.21,44.74,611.56,0
1051,2026-08-31,3.7,23.71,72.69,34.39,467.55,0
1051,2026-09-01,3.7,23.92,68.76,31.25,659.97,1
1051,2026-09-02,3.7,23.82,66.53,51.9,543.09,1
1051,2026-09-03,3.7,23.73,62.05,47.72,476.24,0
1051,2026-09-05,3.7,23.91,68.55,54.54,610.79,1
1051,2026-09-06,3.7,23.64,75.39,49.3,302.03,1
1051,2026-09-07,3.7,23.77,65.77,34.89,457.66,0
1051,2026-09-08,3.7,23.56,63.5,41.95,700.45,0
1051,2026-09-09,3.7,23.4,74.35,43.58,308.61,0
1051,2026-09-10,3.7,23.82,87.34,67.34,476.22,2
1051,2026-09-11,3.7,23.82,75.29,43.49,386.56,0
1051,2026-09-12,3.7,24.03,81.54,62.15,479.4,0
1051,2026-09-13,3.7,23.53,63.68,33.54,421.05,0
1052,2026-08-23,6.6,19.25,65.49,52.75,629.58,1
1052,2026-08-25,6.6,19.14,67.62,44.07,485.76,1
1052,2026-08-26,6.6,19.93,68.18,55.09,473.93,0
1052,2026-08-27,6.6,19.36,78.05,52.6,490.5,0
1052,2026-08-29,6.6,19.36,71.68,49.05,398.01,1
1052,2026-08-31,6.6,19.33,76.89,45.92,598.99,0
1052,2026-09-02,6.6,19.29,70.27,44.43,502.91,0
1052,2026-09-03,6.6,19.63,60.39,49.86,524.31,0
1052,2026-09-04,6.6,19.57,56.93,46.91,571.84,0
1052,2026-09-05,6.6,19.09,62.13,39.99,498.81,1
1052,2026-09-06,6.6,19.44,61.06,56.58,463.41,0
1052,2026-09-08,6.6,19.43,73.26,45.88,354.79,0
1052,2026-09-09,6.6,19.46,61.22,55.33,612.14,0
1052,2026-09-10,6.6,19.46,87.22,54.1,430.52,0
1052,2026-09-12,6.6,19.09,74.64,35.91,495.16,0
1053,2026-08-20,3.5,7.43,72.52,57.97,388.36,0
1053,2026-08-22,3.5,7.53,64.68,43.92,667.66,1
1053,2026-08-23,3.5,7.64,64.56,54.79,388.79,0
1053,2026-08-24,3.5,7.41,81.4,76.39,455.19,0
1053,2026-08-25,3.5,7.43,56.65,30.07,547.34,0
1053,2026-08-26,3.5,7.52,70.6,43.47,554.66,0
1053,2026-08-28,3.5,7.57,60.22,66.03,442.61,0
1053,2026-08-30,3.5,6.89,75.58,34.09,592.63,2
1053,2026-08-31,3.5,7.39,74.91,40.85,469.82,0
1053,2026-09-02,3.5,7.94,67.6,55.07,510.65,1
1053,2026-09-04,3.5,7.35,62.23,39.12,641.32,0
1053,2026-09-06,3.5,7.46,70.4,54.73,451.77,1
1053,2026-09-07,3.5,7.71,95.7,42.1,253.79,0
1053,2026-09-08,3.5,7.56,82.29,59.67,512.92,0
1053,2026-09-09,3.5,7.42,68.13,63.41,347.39,0
1053,2026-09-10,3.5,7.54,80.05,58.77,690.37,0
1053,2026-09-11,3.5,7.38,66.7,29.13,488.5,0
1053,2026-09-12,3.5,7.32,55.53,38.95,536.07,0
1053,2026-09-13,3.5,7.66,76.85,42.84,530.96,0
1054,2026-08-31,12.7,7.84,65.3,38.67,611.16,0
1054,2026-09-02,12.7,8.18,70.45,52.75,311.32,0
1054,2026-09-03,12.7,8.04,77.6,49.61,405.97,1
1054,2026-09-05,12.7,8.03,76.47,48.57,371.39,2
1054,2026-09-06,12.7,8.09,69.75,46.2,536.86,0
1054,2026-09-07,12.7,8.02,70.93,32.74,452.98,0
1054,2026-09-08,12.7,7.69,70.98,57.76,586.11,2
1054,2026-09-09,12.7,7.92,81.36,38.14,505.12,0
1054,2026-09-10,12.7,8.29,77.97,58.83,467.4,1
1054,2026-09-11,12.7,8.31,73.53,75.36,611.33,0
1054,2026-09-12,12.7,7.79,60.7,36.36,506.89,0
1054,2026-09-13,12.7,8.13,66.52,56.63,474.51,0
1055,2026-08-15,3.0,19.34,64.09,64.49,562.64,0
1055,2026-08-16,3.0,19.45,78.36,47.75,450.45,0
1055,2026-08-18,3.0,19.18,77.94,41.99,580.98,1
1055,2026-08-19,3.0,19.42,67.5,54.2,473.52,1
1055,2026-08-21,3.0,19.37,70.46,50.8,417.44,1
1055,2026-08-23,3.0,19.38,67.71,53.18,449.91,0
1055,2026-08-25,3.0,19.23,85.22,44.67,463.17,0
1055,2026-08-26,3.0,19.35,73.03,52.76,636.79,0
1055,2026-08-27,3.0,19.44,59.21,29.47,506.07,0
1055,2026-08-29,3.0,19.42,69.09,44.19,508.72,0
1055,2026-08-31,3.0,19.52,73.45,42.12,462.9,2
1055,2026-09-01,3.0,19.38,58.17,42.33,536.65,0
1055,2026-09-03,3.0,19.42,51.1,54.34,367.86,0
1055,2026-09-05,3.0,19.62,71.5,41.79,402.18,0
1055,2026-09-06,3.0,19.73,63.68,63.16,697.62,0
1055,2026-09-08,3.0,19.26,80.33,55.6,476.78,0
1055,2026-09-09,3.0,19.13,61.04,45.97,496.12,1
1056,2026-09-03,14.4,7.36,72.73,29.33,675.83,0
1056,2026-09-05,14.4,7.37,66.61,45.47,453.46,0
1056,2026-09-07,14.4,7.4,52.59,53.18,467.67,0
1056,2026-09-09,14.4,7.54,48.97,56.12,612.43,0
1056,2026-09-10,14.4,6.96,76.46,59.22,405.13,0
1056,2026-09-11,14.4,7.58,65.85,51.53,436.81,0
1056,2026-09-12,14.4,7.18,63.39,65.53,418.68,0
1056,2026-09-13,14.4,6.95,39.36,64.42,429.6,0
1057,2026-09-02,6.5,8.72,90.23,55.64,545.73,1
1057,2026-09-04,6.5,9.04,59.35,53.63,369.19,0
1057,2026-09-05,6.5,8.54,73.63,31.59,567.83,1
1057,2026-09-07,6.5,9.33,82.75,52.9,576.27,0
1057,2026-09-09,6.5,8.86,78.0,40.35,607.26,1
1057,2026-09-10,6.5,8.87,78.22,49.38,606.89,0
1057,2026-09-11,6.5,8.75,71.07,64.76,560.0,0
1057,2026-09-12,6.5,9.32,61.98,55.12,397.32,1
1057,2026-09-13,6.5,8.77,63.22,54.74,412.2,0
1058,2026-09-02,12.8,24.2,52.93,54.95,400.97,1
1058,2026-09-04,12.8,23.84,84.59,49.21,333.87,1
1058,2026-09-06,12.8,24.23,68.49,46.99,547.9,0
1058,2026-09-07,12.8,24.23,43.81,26.98,663.64,1
1058,2026-09-09,12.8,24.1,73.31,49.53,495.98,0
1058,2026-09-10,12.8,23.88,63.98,45.16,514.17,0
1058,2026-09-11,12.8,24.24,69.57,44.16,318.19,0
1058,2026-09-12,12.8,24.17,70.54,44.64,512.74,0
1058,2026-09-13,12.8,24.42,78.72,15.91,535.76,0
1059,2026-08-31,9.6,9.27,82.33,49.6,377.53,2
1059,2026-09-01,9.6,9.16,57.66,38.97,498.26,2
1059,2026-09-03,9.6,9.45,69.53,45.1,438.93,0
1059,2026-09-05,9.6,9.16,70.39,41.35,560.22,0
1059,2026-09-06,9.6,9.56,68.2,53.16,486.01,0
1059,2026-09-07,9.6,8.87,67.67,42.66,538.75,0
1059,2026-09-08,9.6,9.55,70.33,43.74,523.22,0
1059,2026-09-09,9.6,8.96,70.02,40.5,546.64,2
1059,2026-09-10,9.6,9.57,74.99,37.0,641.27,0
1059,2026-09-11,9.6,9.45,53.32,49.62,456.09,0
1059,2026-09-12,9.6,9.77,78.31,53.92,482.74,0
1059,2026-09-13,9.6,8.99,65.16,54.39,431.56,0
1060,2026-08-15,11.2,18.09,84.96,36.84,357.45,0
1060,2026-08-16,11.2,18.36,48.51,36.63,519.79,0
1060,2026-08-17,11.2,17.69,74.47,32.96,543.75,1
1060,2026-08-18,11.2,17.93,73.11,55.8,436.12,1
1060,2026-08-20,11.2,18.12,74.13,48.06,351.85,0
1060,2026-08-21,11.2,17.72,79.84,60.62,416.37,0
1060,2026-08-23,11.2,17.83,80.45,44.67,419.42,0
1060,2026-08-24,11.2,17.7,59.83,60.25,442.83,1
1060,2026-08-25,11.2,17.94,88.37,51.05,583.64,0
1060,2026-08-26,11.2,17.84,67.12,55.63,662.88,0
1060,2026-08-28,11.2,17.9,75.78,62.19,511.87,1
1060,2026-08-30,11.2,17.67,75.63,42.54,383.41,0
1060,2026-09-01,11.2,17.71,62.12,50.37,559.24,0
1060,2026-09-02,11.2,17.31,74.76,62.22,451.85,0
1060,2026-09-04,11.2,17.79,65.04,51.94,512.63,0
1060,2026-09-06,11.2,17.88,59.04,49.71,500.27,1
1060,2026-09-07,11.2,17.96,82.22,54.51,616.03,0
1060,2026-09-08,11.2,18.2,76.99,28.29,400.12,1
1060,2026-09-09,11.2,18.11,65.51,41.47,503.69,2
1060,2026-09-10,11.2,17.85,65.24,51.45,574.93,0
1060,2026-09-11,11.2,17.54,79.04,65.1,391.9,0
1060,2026-09-12,11.2,18.09,84.73,65.04,464.15,0
1061,2026-08-20,11.6,24.38,67.08,35.23,608.54,0
1061,2026-08-22,11.6,24.48,64.74,40.04,462.41,0
1061,2026-08-24,11.6,24.39,71.8,45.95,577.53,0
1061,2026-08-25,11.6,24.67,76.86,56.02,381.41,1
1061,2026-08-26,11.6,24.73,56.43,55.72,481.83,1
1061,2026-08-27,11.6,24.78,61.68,63.63,555.44,0
1061,2026-08-28,11.6,24.81,69.7,43.84,347.01,0
1061,2026-08-30,11.6,24.6,68.0,33.84,469.09,0
1061,2026-09-01,11.6,24.64,88.96,63.36,515.07,1
1061,2026-09-02,11.6,24.63,90.53,80.95,603.43,2
1061,2026-09-04,11.6,24.46,58.35,50.36,299.31,0
1061,2026-09-05,11.6,24.52,68.38,45.37,590.22,0
1061,2026-09-06,11.6,24.76,51.09,68.48,647.39,2
1061,2026-09-08,11.6,24.28,69.69,56.78,469.79,1
1061,2026-09-10,11.6,24.59,72.47,48.88,651.62,0
1061,2026-09-11,11.6,24.65,69.23,50.69,703.41,0
1061,2026-09-12,11.6,24.58,63.75,45.1,344.7,1
1062,2026-08-24,7.8,12.35,88.23,50.28,547.98,0
1062,2026-08-26,7.8,12.06,67.62,40.9,589.46,1
1062,2026-08-28,7.8,11.76,63.52,78.51,355.56,0
1062,2026-08-30,7.8,11.59,75.76,41.91,609.12,0
1062,2026-08-31,7.8,12.1,91.86,45.19,435.14,0
1062,2026-09-01,7.8,11.63,70.29,45.87,700.87,0
1062,2026-09-03,7.8,11.85,60.33,44.88,587.09,0
1062,2026-09-05,7.8,11.53,69.98,66.81,330.99,0
1062,2026-09-06,7.8,11.75,67.19,48.6,469.2,1
1062,2026-09-08,7.8,11.56,90.63,48.73,338.38,0
1062,2026-09-09,7.8,12.16,71.3,54.92,421.83,0
1062,2026-09-10,7.8,11.78,86.26,61.26,598.52,1
1062,2026-09-11,7.8,11.7,55.39,35.23,513.72,0
1062,2026-09-12,7.8,12.25,90.96,42.3,658.12,1
1062,2026-09-13,7.8,11.66,59.53,47.88,612.06,0
1063,2026-08-16,8.4,4.4,65.43,52.44,548.97,0
1063,2026-08-18,8.4,4.1,69.95,37.22,500.58,1
1063,2026-08-20,8.4,4.44,71.84,49.37,518.1,1
1063,2026-08-22,8.4,4.53,51.51,33.85,624.84,1
1063,2026-08-24,8.4,4.29,82.86,57.13,520.07,0
1063,2026-08-26,8.4,4.46,76.35,57.5,545.13,1
1063,2026-08-28,8.4,4.54,68.98,54.41,524.16,0
1063,2026-08-29,8.4,4.1,73.98,41.91,423.75,0
1063,2026-08-30,8.4,4.33,78.0,49.89,331.98,0
1063,2026-09-01,8.4,4.4,70.15,39.75,429.18,0
1063,2026-09-02,8.4,4.39,63.57,47.34,595.94,0
1063,2026-09-03,8.4,4.6,53.28,60.21,462.26,1
1063,2026-09-04,8.4,4.52,79.15,56.64,503.43,0
1063,2026-09-05,8.4,4.08,56.71,44.56,595.74,0
1063,2026-09-06,8.4,4.25,75.75,64.95,517.78,0
1063,2026-09-08,8.4,4.46,60.36,55.2,491.69,0
1063,2026-09-10,8.4,4.41,59.91,52.23,286.63,0
1063,2026-09-12,8.4,4.25,56.18,62.12,442.47,0
1063,2026-09-13,8.4,4.37,61.97,43.66,421.69,0
1064,2026-08-30,8.0,9.3,69.34,33.11,566.17,2
1064,2026-08-31,8.0,9.15,75.89,49.72,558.82,1
1064,2026-09-01,8.0,9.37,67.72,33.85,323.15,0
1064,2026-09-02,8.0,9.14,60.97,59.46,534.03,0
1064,2026-09-04,8.0,9.09,54.94,57.01,361.72,1
1064,2026-09-06,8.0,9.57,83.36,52.34,280.56,1
1064,2026-09-08,8.0,8.89,71.88,61.25,358.45,1
1064,2026-09-09,8.0,9.04,78.36,52.52,460.72,0
1064,2026-09-10,8.0,9.16,71.62,48.31,635.93,2
1064,2026-09-11,8.0,9.2,82.02,36.44,501.47,2
1064,2026-09-12,8.0,9.19,79.34,21.48,573.65,0
1064,2026-09-13,8.0,9.2,70.03,39.31,586.08,0
1065,2026-08-20,9.0,21.49,85.17,62.24,490.78,0
1065,2026-08-22,9.0,21.37,68.58,40.41,616.34,0
1065,2026-08-24,9.0,21.42,78.36,43.83,492.6,0
1065,2026-08-26,9.0,21.54,76.68,37.22,462.26,0
1065,2026-08-27,9.0,21.62,70.6,47.52,556.9,0
1065,2026-08-29,9.0,21.32,57.08,58.04,439.36,2
1065,2026-08-31,9.0,21.29,77.26,40.72,321.47,0
1065,2026-09-02,9.0,21.69,80.43,50.32,386.86,2
1065,2026-09-04,9.0,21.61,78.8,46.04,428.44,0
1065,2026-09-05,9.0,21.17,72.99,42.09,519.22,0
1065,2026-09-07,9.0,21.29,62.36,63.29,432.57,0
1065,2026-09-09,9.0,21.7,75.65,61.53,330.17,0
1065,2026-09-11,9.0,21.65,55.33,54.77,425.32,0
1065,2026-09-13,9.0,21.65,61.39,50.22,412.46,1
1066,2026-09-03,0.9,22.14,55.02,61.45,625.66,2
1066,2026-09-04,0.9,22.06,79.31,56.58,603.15,0
1066,2026-09-05,0.9,22.49,61.88,61.03,518.85,0
1066,2026-09-07,0.9,22.23,76.14,28.75,371.92,0
1066,2026-09-08,0.9,22.31,73.21,60.6,504.72,1
1066,2026-09-10,0.9,22.09,64.19,52.96,462.75,0
1066,2026-09-11,0.9,22.51,68.23,43.85,537.39,0
1066,2026-09-12,0.9,22.32,62.23,50.18,456.32,0
1066,2026-09-13,0.9,22.03,65.25,46.01,415.15,0
1067,2026-08-27,6.2,20.02,86.25,65.33,394.48,1
1067,2026-08-28,6.2,19.88,64.7,53.14,552.02,0
1067,2026-08-29,6.2,19.96,68.47,49.61,577.77,0
1067,2026-08-30,6.2,20.31,64.93,71.73,779.03,0
1067,2026-09-01,6.2,19.95,73.1,56.89,493.97,0
1067,2026-09-02,6.2,20.0,71.73,38.06,471.34,0
1067,2026-09-03,6.2,20.3,56.06,45.58,374.67,0
1067,2026-09-04,6.2,20.35,71.26,50.35,464.41,0
1067,2026-09-05,6.2,19.9,69.79,46.82,511.77,0
1067,2026-09-06,6.2,19.95,72.34,61.08,564.13,0
1067,2026-09-07,6.2,20.24,71.46,46.53,498.81,1
1067,2026-09-08,6.2,19.99,73.64,50.43,650.64,1
1067,2026-09-10,6.2,20.08,62.1,43.83,429.42,0
1067,2026-09-11,6.2,20.25,65.1,62.04,365.24,0
1067,2026-09-12,6.2,20.02,64.66,60.97,656.18,0
1067,2026-09-13,6.2,20.23,60.28,39.37,740.04,0
1068,2026-08-28,9.3,6.44,75.31,66.48,440.73,0
1068,2026-08-30,9.3,6.42,56.75,49.66,397.79,0
1068,2026-08-31,9.3,6.46,72.59,39.27,343.01,0
1068,2026-09-01,9.3,6.66,69.01,52.12,479.42,1
1068,2026-09-03,9.3,6.45,74.4,52.3,433.16,0
1068,2026-09-04,9.3,6.64,61.13,56.58,512.94,0
1068,2026-09-05,9.3,6.29,81.45,44.67,489.17,0
1068,2026-09-07,9.3,6.25,65.81,58.06,606.75,1
1068,2026-09-09,9.3,6.13,71.93,64.14,634.04,1
1068,2026-09-10,9.3,6.34,80.08,58.65,517.47,0
1068,2026-09-11,9.3,6.41,76.8,29.65,458.96,1
1068,2026-09-12,9.3,6.43,77.04,48.19,712.77,0
1068,2026-09-13,9.3,6.32,67.76,46.07,566.9,2
1069,2026-08-22,9.2,20.87,74.29,46.55,441.7,1
1069,2026-08-24,9.2,20.64,71.96,43.36,554.87,0
1069,2026-08-25,9.2,20.62,59.48,52.29,525.06,0
1069,2026-08-26,9.2,20.66,80.17,31.62,505.29,0
1069,2026-08-27,9.2,20.87,60.38,45.0,526.32,1
1069,2026-08-29,9.2,20.62,82.1,49.6,429.82,0
1069,2026-08-30,9.2,20.79,63.21,38.63,640.23,2
1069,2026-09-01,9.2,20.86,68.67,55.28,294.69,0
1069,2026-09-02,9.2,20.86,75.54,79.61,339.55,0
1069,2026-09-04,9.2,21.12,72.35,48.87,586.47,1
1069,2026-09-05,9.2,20.53,62.71,43.38,397.07,0
1069,2026-09-06,9.2,20.76,69.62,60.04,640.99,0
1069,2026-09-08,9.2,20.62,76.46,62.72,524.12,1
1069,2026-09-10,9.2,20.42,71.12,40.84,450.75,0
1069,2026-09-11,9.2,20.53,73.73,51.19,494.91,1
1069,2026-09-12,9.2,21.05,70.14,47.52,532.08,1
1069,2026-09-13,9.2,20.46,62.63,58.98,516.02,0
1070,2026-08-30,12.0,23.24,67.64,58.92,468.69,0
1070,2026-08-31,12.0,23.4,75.35,34.62,539.42,0
1070,2026-09-01,12.0,23.29,81.0,44.08,474.84,0
1070,2026-09-03,12.0,23.26,75.32,43.96,536.8,0
1070,2026-09-04,12.0,23.67,59.35,39.49,470.33,1
1070,2026-09-05,12.0,23.41,78.59,45.01,520.3,0
1070,2026-09-06,12.0,22.94,83.66,49.77,491.68,0
1070,2026-09-07,12.0,23.12,68.06,55.44,440.5,0
1070,2026-09-08,12.0,23.47,82.61,38.61,424.02,0
1070,2026-09-09,12.0,23.07,80.86,38.15,430.46,0
1070,2026-09-10,12.0,23.31,50.1,60.71,467.53,0
1070,2026-09-11,12.0,23.16,71.96,61.22,664.25,1
1070,2026-09-12,12.0,23.45,54.18,33.66,685.06,0
1070,2026-09-13,12.0,23.28,88.9,46.85,350.86,2
1071,2026-08-24,10.0,16.66,73.45,60.48,564.99,0
1071,2026-08-25,10.0,16.77,75.92,65.87,520.91,0
1071,2026-08-27,10.0,16.57,74.82,56.65,400.49,0
1071,2026-08-28,10.0,16.45,81.08,56.69,650.22,0
1071,2026-08-30,10.0,16.54,64.21,49.49,546.22,2
1071,2026-08-31,10.0,16.75,78.16,22.2,436.07,1
1071,2026-09-01,10.0,17.03,72.55,42.1,573.52,0
1071,2026-09-03,10.0,16.42,69.21,41.04,405.76,0
1071,2026-09-04,10.0,16.79,68.06,45.53,690.72,2
1071,2026-09-06,10.0,16.67,67.63,47.5,557.4,0
1071,2026-09-07,10.0,16.31,77.55,56.92,505.64,1
1071,2026-09-09,10.0,16.56,58.47,58.54,684.15,0
1071,2026-09-10,10.0,16.88,69.67,57.41,548.54,0
1071,2026-09-12,10.0,16.29,78.08,31.73,511.56,0
1071,2026-09-13,10.0,16.55,77.03,35.8,229.35,0
1072,2026-08-19,14.9,24.1,63.51,56.27,469.32,1
1072,2026-08-20,14.9,23.84,66.48,60.74,432.91,0
1072,2026-08-22,14.9,23.61,59.5,45.73,753.54,0
1072,2026-08-23,14.9,23.82,76.56,62.47,646.85,1
1072,2026-08-25,14.9,23.91,62.31,53.28,483.2,0
1072,2026-08-26,14.9,23.54,56.2,51.64,531.68,0
1072,2026-08-27,14.9,24.21,72.05,39.73,753.12,2
1072,2026-08-29,14.9,23.91,48.7,59.78,570.38,0
1072,2026-08-30,14.9,23.92,74.46,47.46,639.18,0
1072,2026-09-01,14.9,23.83,71.52,55.49,419.5,1
1072,2026-09-02,14.9,23.75,68.18,38.02,415.97,0
1072,2026-09-03,14.9,23.89,85.48,53.44,579.53,0
1072,2026-09-05,14.9,24.05,78.06,27.62,572.41,0
1072,2026-09-07,14.9,23.72,65.89,62.14,379.71,0
1072,2026-09-09,14.9,24.03,64.91,58.62,536.02,0
1072,2026-09-10,14.9,23.76,66.95,64.9,517.64,0
1072,2026-09-11,14.9,23.23,76.98,48.48,637.72,1
1072,2026-09-12,14.9,23.89,71.17,60.66,424.82,0
1072,2026-09-13,14.9,23.6,75.65,45.43,401.67,0
1073,2026-08-16,4.6,21.23,71.47,48.14,347.96,0
1073,2026-08-18,4.6,21.36,75.4,41.04,702.05,0
1073,2026-08-19,4.6,21.31,72.16,49.33,609.1,0
1073,2026-08-21,4.6,21.77,74.52,72.21,513.57,2
1073,2026-08-23,4.6,21.2,48.98,56.4,433.98,0
1073,2026-08-25,4.6,20.92,67.64,54.47,432.67,0
1073,2026-08-26,4.6,21.24,68.58,55.61,671.16,0
1073,2026-08-27,4.6,20.99,72.64,36.61,592.12,0
1073,2026-08-28,4.6,21.77,69.38,59.94,645.77,0
1073,2026-08-29,4.6,21.31,57.94,59.38,619.58,0
1073,2026-08-31,4.6,20.93,84.91,45.43,646.65,0
1073,2026-09-02,4.6,21.2,74.42,62.43,418.76,0
1073,2026-09-04,4.6,21.51,70.45,63.42,383.9,0
1073,2026-09-05,4.6,21.42,96.57,65.76,573.72,1
1073,2026-09-06,4.6,21.08,86.95,50.54,454.11,0
1074,2026-08-15,5.7,18.16,72.16,46.89,483.68,0
1074,2026-08-17,5.7,17.89,81.1,45.6,370.76,0
1074,2026-08-18,5.7,17.75,62.43,55.48,471.65,2
1074,2026-08-19,5.7,17.99,60.52,56.61,460.3,0
1074,2026-08-21,5.7,18.24,70.62,60.11,579.66,2
1074,2026-08-22,5.7,18.24,60.94,66.31,642.51,0
1074,2026-08-23,5.7,18.43,59.3,53.85,481.7,2
1074,2026-08-24,5.7,17.78,79.14,57.64,595.96,0
1074,2026-08-26,5.7,17.79,61.11,56.12,620.77,0
1074,2026-08-28,5.7,17.77,50.66,29.63,543.7,0
1074,2026-08-29,5.7,18.27,52.65,55.67,560.02,0
1074,2026-08-30,5.7,18.15,65.46,65.66,422.02,0
1074,2026-09-01,5.7,18.3,91.32,44.85,562.12,0
1074,2026-09-02,5.7,17.99,59.48,48.86,522.57,0
1074,2026-09-03,5.7,18.05,79.88,55.62,518.21,1
1074,2026-09-05,5.7,18.18,60.25,75.26,434.09,0
1074,2026-09-07,5.7,18.36,57.31,32.14,655.72,0
1074,2026-09-08,5.7,17.96,81.38,50.92,470.57,0
1074,2026-09-10,5.7,17.93,65.27,49.62,652.46,0
1074,2026-09-12,5.7,17.84,67.51,60.8,602.62,2
1075,2026-08-30,6.1,16.37,81.16,54.02,489.64,1
1075,2026-09-01,6.1,16.1,80.45,59.99,594.94,2
1075,2026-09-02,6.1,15.96,69.31,47.8,538.18,1
1075,2026-09-04,6.1,16.06,52.17,49.58,539.11,1
1075,2026-09-05,6.1,15.76,71.03,55.62,284.95,0
1075,2026-09-06,6.1,15.84,68.22,49.13,622.73,1
1075,2026-09-08,6.1,16.36,57.94,50.77,508.3,0
1075,2026-09-09,6.1,16.08,72.96,45.04,449.73,2
1075,2026-09-10,6.1,15.84,68.51,55.44,485.28,0
1075,2026-09-11,6.1,15.86,73.52,61.03,509.43,0
1075,2026-09-12,6.1,15.94,73.19,50.0,463.44,1
1075,2026-09-13,6.1,16.25,59.87,44.64,563.09,2
1076,2026-08-31,7.3,11.5,68.0,63.71,379.47,0
1076,2026-09-01,7.3,11.63,60.19,44.65,640.73,1
1076,2026-09-03,7.3,11.48,78.63,51.77,615.03,0
1076,2026-09-04,7.3,11.1,63.92,51.75,568.6,1
1076,2026-09-05,7.3,11.34,81.02,37.46,364.03,0
1076,2026-09-06,7.3,11.14,60.76,40.27,546.43,0
1076,2026-09-07,7.3,11.26,76.86,57.59,550.65,0
1076,2026-09-08,7.3,11.34,70.88,47.38,612.25,2
1076,2026-09-09,7.3,11.25,69.24,59.36,417.39,0
1076,2026-09-10,7.3,11.11,70.39,44.95,668.92,0
1076,2026-09-11,7.3,11.35,77.17,67.92,478.91,0
1076,2026-09-12,7.3,11.58,72.04,33.34,642.46,0
1076,2026-09-13,7.3,11.35,63.08,68.23,508.77,0
1077,2026-08-26,12.6,7.79,87.91,51.46,574.35,0
1077,2026-08-28,12.6,7.53,72.99,59.55,373.77,2
1077,2026-08-30,12.6,7.18,77.08,52.68,587.98,2
1077,2026-09-01,12.6,7.1,80.62,48.06,571.16,0
1077,2026-09-03,12.6,7.01,77.8,29.18,339.19,2
1077,2026-09-04,12.6,7.33,70.92,45.93,445.41,1
1077,2026-09-06,12.6,7.54,53.27,61.44,420.4,0
1077,2026-09-07,12.6,7.6,56.19,62.92,391.1,0
1077,2026-09-09,12.6,7.57,75.31,34.25,398.55,0
1077,2026-09-11,12.6,7.52,60.6,44.38,505.42,0
1077,2026-09-12,12.6,7.27,73.9,40.78,332.04,0
1077,2026-09-13,12.6,7.0,55.29,29.9,577.28,0
1078,2026-09-02,3.9,16.79,82.64,46.99,441.37,1
1078,2026-09-04,3.9,16.62,73.77,61.12,606.47,0
1078,2026-09-06,3.9,16.46,76.46,59.51,397.01,2
1078,2026-09-07,3.9,16.78,77.89,61.34,610.12,0
1078,2026-09-08,3.9,16.83,53.97,48.79,599.48,1
1078,2026-09-10,3.9,16.73,74.88,43.66,542.61,0
1078,2026-09-11,3.9,16.49,73.39,49.99,676.77,0
1078,2026-09-12,3.9,16.72,57.21,47.54,462.39,2
1078,2026-09-13,3.9,16.96,77.73,47.47,433.42,0
1079,2026-08-15,11.8,10.28,47.31,62.42,554.73,0
1079,2026-08-17,11.8,10.47,65.88,57.97,675.7,0
1079,2026-08-19,11.8,10.45,60.72,45.74,521.92,0
1079,2026-08-20,11.8,10.89,73.02,65.59,510.71,2
1079,2026-08-21,11.8,10.8,66.22,47.54,516.27,1
1079,2026-08-23,11.8,10.98,56.95,57.83,485.07,0
1079,2026-08-25,11.8,10.87,79.63,48.84,549.58,0
1079,2026-08-27,11.8,10.46,76.42,62.78,423.35,0
1079,2026-08-29,11.8,10.72,72.12,42.6,461.3,2
1079,2026-08-31,11.8,10.66,58.14,43.64,487.87,0
1079,2026-09-02,11.8,11.08,71.71,54.41,586.98,0
1079,2026-09-04,11.8,10.39,64.41,63.03,425.98,0
1079,2026-09-05,11.8,10.53,83.21,38.24,506.12,1
1079,2026-09-07,11.8,10.77,81.75,49.5,501.9,0
1079,2026-09-09,11.8,10.61,69.27,46.56,521.67,0
1079,2026-09-10,11.8,10.4,87.84,35.01,636.13,2
1080,2026-09-02,6.4,22.3,61.75,65.28,700.95,1
1080,2026-09-03,6.4,22.05,65.16,55.71,543.32,0
1080,2026-09-04,6.4,22.08,89.29,60.98,569.17,0
1080,2026-09-06,6.4,22.13,72.07,45.62,300.68,0
1080,2026-09-08,6.4,22.23,53.35,49.88,429.85,0
1080,2026-09-09,6.4,22.22,80.17,58.67,464.67,0
1080,2026-09-10,6.4,22.0,66.46,36.01,554.61,1
1080,2026-09-11,6.4,22.21,73.4,66.19,350.93,1
1080,2026-09-12,6.4,22.71,76.06,47.87,600.81,0
1080,2026-09-13,6.4,22.07,53.02,62.73,520.33,1
1081,2026-08-22,9.2,25.04,60.04,65.21,518.91,2
1081,2026-08-23,9.2,24.88,54.73,42.0,648.96,0
1081,2026-08-24,9.2,25.13,63.85,47.89,446.15,0
1081,2026-08-26,9.2,25.03,72.9,37.58,379.96,0
1081,2026-08-27,9.2,24.85,72.29,33.92,668.64,1
1081,2026-08-28,9.2,25.08,73.78,63.81,585.12,2
1081,2026-08-29,9.2,24.89,71.02,59.81,558.59,0
1081,2026-08-31,9.2,24.48,63.54,42.9,666.53,0
1081,2026-09-01,9.2,24.94,64.08,43.19,376.62,1
1081,2026-09-03,9.2,24.93,61.14,44.43,658.85,1
1081,2026-09-05,9.2,24.98,76.89,46.79,517.92,0
1081,2026-09-07,9.2,24.97,41.44,33.07,461.47,0
1081,2026-09-09,9.2,24.51,50.12,54.17,517.63,0
1081,2026-09-10,9.2,24.88,79.81,57.23,430.94,1
1081,2026-09-11,9.2,25.26,63.28,43.22,318.68,2
1081,2026-09-13,9.2,24.64,87.15,44.44,481.71,1
1082,2026-08-31,9.7,19.97,79.23,54.98,542.55,2
1082,2026-09-01,9.7,19.94,57.53,51.15,350.19,0
1082,2026-09-03,9.7,20.1,51.21,40.99,671.08,0
1082,2026-09-05,9.7,19.91,68.39,61.16,439.61,0
1082,2026-09-07,9.7,19.91,68.26,49.89,630.4,0
1082,2026-09-09,9.7,19.74,68.24,41.59,622.53,0
1082,2026-09-10,9.7,20.13,60.39,57.45,451.97,0
1082,2026-09-11,9.7,19.61,63.59,39.83,607.24,0
1082,2026-09-12,9.7,20.25,71.1,39.88,341.48,2
1082,2026-09-13,9.7,19.78,88.81,62.0,668.64,2
1083,2026-08-23,5.9,5.74,59.34,49.07,555.45,0
1083,2026-08-24,5.9,5.97,62.07,38.56,616.96,2
1083,2026-08-25,5.9,5.86,67.12,36.66,569.18,0
1083,2026-08-27,5.9,5.93,69.16,44.34,572.24,0
1083,2026-08-29,5.9,5.77,73.09,69.35,279.16,0
1083,2026-08-31,5.9,5.78,61.2,35.83,340.19,2
1083,2026-09-02,5.9,6.06,47.36,55.45,291.65,0
1083,2026-09-04,5.9,5.87,67.55,53.62,499.56,0
1083,2026-09-05,5.9,6.02,66.43,33.38,531.47,0
1083,2026-09-06,5.9,6.17,77.94,52.53,559.66,0
1084,2026-08-30,7.9,9.97,61.57,38.84,732.21,0
1084,2026-08-31,7.9,10.21,63.88,37.79,470.94,0
1084,2026-09-02,7.9,10.12,57.17,45.17,559.0,0
1084,2026-09-04,7.9,10.11,71.51,43.31,518.53,2
1084,2026-09-05,7.9,9.92,73.69,79.82,395.89,0
1084,2026-09-06,7.9,10.14,70.73,40.13,484.29,0
1084,2026-09-08,7.9,9.86,62.81,42.15,659.86,0
1084,2026-09-09,7.9,9.92,88.57,47.32,473.69,2
1084,2026-09-10,7.9,10.37,74.84,51.25,500.26,1
1084,2026-09-11,7.9,10.03,64.04,46.05,657.22,0
1084,2026-09-12,7.9,10.38,63.76,66.27,653.99,0
1084,2026-09-13,7.9,9.89,66.03,59.58,603.09,0
1085,2026-09-03,6.5,6.24,71.44,44.98,549.85,0
1085,2026-09-05,6.5,6.17,68.32,38.11,543.16,0
1085,2026-09-07,6.5,6.12,74.95,52.86,514.06,0
1085,2026-09-09,6.5,6.25,67.01,39.26,487.93,1
1085,2026-09-10,6.5,6.17,58.65,66.17,399.15,0
1085,2026-09-11,6.5,6.52,81.89,56.41,431.75,1
1085,2026-09-12,6.5,6.42,53.87,44.21,419.03,0
1085,2026-09-13,6.5,6.32,80.47,42.89,636.37,0
1086,2026-08-25,1.5,17.69,56.66,59.45,773.9,0
1086,2026-08-27,1.5,17.72,68.35,45.07,431.46,0
1086,2026-08-28,1.5,17.92,69.82,62.42,538.88,2
1086,2026-08-30,1.5,17.8,56.17,55.39,508.26,0
1086,2026-09-01,1.5,17.49,63.34,50.8,606.69,1
1086,2026-09-02,1.5,17.77,71.54,55.13,617.97,0
1086,2026-09-04,1.5,17.63,75.95,39.3,451.87,0
1086,2026-09-06,1.5,17.85,69.44,52.48,549.58,0
1086,2026-09-08,1.5,17.64,67.68,47.91,341.97,0
1086,2026-09-09,1.5,17.52,63.19,60.47,468.78,0
1086,2026-09-10,1.5,17.42,76.5,50.47,555.96,0
1086,2026-09-11,1.5,17.49,71.82,66.45,426.24,0
1086,2026-09-12,1.5,17.82,48.56,49.81,463.13,0
1086,2026-09-13,1.5,17.62,59.95,44.2,473.83,0
1087,2026-08-21,6.8,20.15,81.05,39.76,597.05,0
1087,2026-08-22,6.8,20.29,78.08,48.86,461.24,0
1087,2026-08-24,6.8,20.19,70.99,55.2,571.77,0
1087,2026-08-25,6.8,20.28,49.85,60.43,511.22,1
1087,2026-08-27,6.8,20.3,57.74,46.66,366.18,0
1087,2026-08-29,6.8,19.95,71.1,64.97,464.62,0
1087,2026-08-30,6.8,20.13,61.31,44.37,505.88,0
1087,2026-09-01,6.8,20.11,71.39,42.85,556.47,0
1087,2026-09-02,6.8,19.9,75.71,52.19,545.29,0
1087,2026-09-03,6.8,20.23,61.37,43.94,550.46,1
1087,2026-09-05,6.8,19.92,69.18,51.65,570.16,1
1087,2026-09-06,6.8,20.02,77.24,50.19,363.51,0
1087,2026-09-08,6.8,19.98,77.5,43.37,476.88,0
1087,2026-09-09,6.8,20.0,60.05,40.6,497.4,0
1087,2026-09-10,6.8,20.13,70.39,36.26,415.75,2
1087,2026-09-11,6.8,20.2,50.97,45.03,398.16,0
1087,2026-09-12,6.8,20.48,69.06,59.67,515.54,0
1087,2026-09-13,6.8,19.8,58.38,52.9,528.94,0
1088,2026-08-30,1.9,23.44,69.29,38.78,563.75,0
1088,2026-09-01,1.9,23.41,83.92,33.76,349.41,0
1088,2026-09-02,1.9,23.61,80.41,30.46,414.72,0
1088,2026-09-04,1.9,23.14,73.3,60.09,513.64,0
1088,2026-09-06,1.9,23.39,55.66,46.72,451.86,1
1088,2026-09-08,1.9,23.71,72.68,43.93,579.9,0
1088,2026-09-09,1.9,23.84,68.36,56.62,497.57,2
1088,2026-09-10,1.9,23.63,87.93,48.69,599.8,0
1088,2026-09-11,1.9,23.5,79.91,55.1,442.68,0
1088,2026-09-12,1.9,23.14,67.53,63.77,365.66,2
1088,2026-09-13,1.9,23.61,80.72,56.14,512.84,0
1089,2026-08-19,6.4,13.51,68.74,61.69,455.6,0
1089,2026-08-20,6.4,13.43,76.87,32.29,634.55,0
1089,2026-08-22,6.4,12.95,65.69,51.54,650.9,0
1089,2026-08-24,6.4,12.93,82.02,46.7,440.28,1
1089,2026-08-26,6.4,12.8,60.97,50.58,525.1,0
1089,2026-08-28,6.4,13.14,68.34,43.25,589.17,0
1089,2026-08-29,6.4,13.25,63.67,38.34,581.08,0
1089,2026-08-30,6.4,13.11,60.54,49.74,495.2,0
1089,2026-08-31,6.4,13.37,72.55,67.09,562.9,2
1089,2026-09-01,6.4,13.37,64.13,37.1,395.72,1
1089,2026-09-03,6.4,13.54,65.37,54.59,521.36,0
1089,2026-09-04,6.4,13.28,69.87,39.67,394.05,0
1089,2026-09-06,6.4,13.18,67.87,48.17,433.16,0
1089,2026-09-07,6.4,13.15,73.2,51.19,337.25,0
1089,2026-09-08,6.4,13.08,71.57,50.87,558.17,1
1089,2026-09-09,6.4,13.16,69.91,37.65,504.29,0
1089,2026-09-10,6.4,13.38,55.18,51.89,363.45,0
1089,2026-09-11,6.4,13.1,74.81,56.03,628.3,0
1089,2026-09-12,6.4,13.01,70.23,69.13,523.0,0
1090,2026-08-31,9.1,23.01,67.02,57.61,608.75,0
1090,2026-09-01,9.1,22.78,73.55,45.3,561.82,0
1090,2026-09-02,9.1,22.97,68.35,56.15,358.73,1
1090,2026-09-03,9.1,22.43,88.14,42.69,548.82,1
1090,2026-09-04,9.1,23.04,54.7,53.21,518.09,1
1090,2026-09-05,9.1,22.93,88.03,49.3,504.7,0
1090,2026-09-06,9.1,23.0,76.65,49.08,412.26,0
1090,2026-09-08,9.1,22.85,74.75,59.02,543.68,0
1090,2026-09-09,9.1,22.52,85.69,48.57,548.03,1
1090,2026-09-10,9.1,23.02,89.8,55.18,532.85,0
1090,2026-09-11,9.1,23.31,65.29,47.96,354.94,0
1090,2026-09-12,9.1,23.12,71.6,29.62,700.97,0
1090,2026-09-13,9.1,22.73,67.96,43.19,558.6,0
1091,2026-08-30,8.9,22.16,78.58,52.89,529.45,0
1091,2026-09-01,8.9,22.93,61.88,43.78,421.31,0
1091,2026-09-02,8.9,22.77,59.37,68.0,671.8,0
1091,2026-09-04,8.9,22.61,77.86,49.66,492.03,2
1091,2026-09-06,8.9,22.28,65.66,42.57,594.82,0
1091,2026-09-08,8.9,22.41,61.52,21.73,430.91,0
1091,2026-09-09,8.9,22.75,82.14,59.42,566.86,2
1091,2026-09-10,8.9,22.16,82.41,52.13,591.95,0
1091,2026-09-11,8.9,22.78,66.2,56.93,506.18,0
1091,2026-09-13,8.9,22.31,70.71,63.34,708.16,0
1092,2026-08-16,10.1,10.75,59.54,44.6,691.96,0
1092,2026-08-18,10.1,10.44,73.86,39.76,414.26,2
1092,2026-08-20,10.1,10.89,59.57,57.61,316.01,0
1092,2026-08-22,10.1,10.87,72.65,61.91,504.01,1
1092,2026-08-23,10.1,10.65,70.72,42.93,506.23,0
1092,2026-08-24,10.1,10.81,63.88,55.57,443.16,0
1092,2026-08-25,10.1,10.63,74.18,47.56,452.08,1
1092,2026-08-27,10.1,10.98,56.8,46.97,480.26,1
1092,2026-08-29,10.1,10.44,72.63,48.48,511.84,0
1092,2026-08-31,10.1,10.69,65.23,41.29,586.07,0
1092,2026-09-01,10.1,11.17,66.25,37.11,444.95,0
1092,2026-09-02,10.1,10.93,78.66,44.65,524.77,0
1092,2026-09-03,10.1,10.64,73.31,33.17,449.1,0
1092,2026-09-05,10.1,10.81,67.13,36.81,545.13,1
1092,2026-09-06,10.1,10.37,73.27,51.26,458.6,1
1092,2026-09-08,10.1,10.68,61.44,50.24,540.17,0
1092,2026-09-09,10.1,10.99,66.42,47.66,493.7,0
1092,2026-09-10,10.1,10.8,62.84,45.5,373.04,0
1092,2026-09-11,10.1,10.68,53.96,65.44,553.66,0
1092,2026-09-12,10.1,10.57,49.68,52.74,529.27,0
1092,2026-09-13,10.1,10.61,60.78,47.02,587.97,1
1093,2026-09-01,1.9,21.99,72.25,42.31,462.58,0
1093,2026-09-03,1.9,22.23,63.95,49.99,454.28,0
1093,2026-09-04,1.9,22.17,74.52,56.02,566.23,0
1093,2026-09-06,1.9,22.25,61.15,40.68,598.65,0
1093,2026-09-07,1.9,22.46,66.28,39.71,567.38,0
1093,2026-09-08,1.9,22.32,77.64,50.01,360.48,0
1093,2026-09-09,1.9,22.44,81.68,66.85,414.61,0
1093,2026-09-10,1.9,22.19,70.9,34.87,593.24,0
1093,2026-09-11,1.9,22.58,65.73,39.35,402.84,0
1093,2026-09-12,1.9,22.52,69.85,49.96,455.45,0
1093,2026-09-13,1.9,22.44,72.76,65.66,432.36,1
1094,2026-08-23,10.0,11.79,65.56,58.32,452.8,0
1094,2026-08-24,10.0,11.88,77.06,56.39,597.52,1
1094,2026-08-25,10.0,11.86,73.66,46.98,553.66,0
1094,2026-08-27,10.0,11.9,70.64,42.02,282.54,0
1094,2026-08-28,10.0,11.95,57.12,35.94,427.23,0
1094,2026-08-30,10.0,11.92,75.22,34.59,540.72,1
1094,2026-09-01,10.0,11.77,72.56,55.15,617.07,2
1094,2026-09-03,10.0,12.02,67.93,45.66,555.86,0
1094,2026-09-04,10.0,11.68,61.6,42.27,458.59,2
1094,2026-09-05,10.0,11.9,85.26,55.09,531.21,0
1094,2026-09-07,10.0,11.72,56.56,61.91,335.92,0
1094,2026-09-08,10.0,11.5,53.97,56.21,460.29,0
1094,2026-09-09,10.0,11.98,76.87,60.19,573.72,0
1094,2026-09-10,10.0,12.09,79.99,43.09,299.92,0
1094,2026-09-11,10.0,12.22,58.85,57.71,492.36,0
1094,2026-09-12,10.0,12.15,75.68,52.27,579.49,1
1094,2026-09-13,10.0,11.84,65.65,49.96,661.8,1
1095,2026-09-02,5.0,9.92,67.05,43.99,540.47,0
1095,2026-09-03,5.0,10.49,59.1,63.01,490.28,0
1095,2026-09-04,5.0,10.01,77.56,55.01,445.21,1
1095,2026-09-06,5.0,10.34,73.57,41.61,470.41,0
1095,2026-09-08,5.0,10.52,71.81,64.18,474.76,1
1095,2026-09-09,5.0,10.55,80.03,63.35,434.77,1
1095,2026-09-10,5.0,10.22,89.69,44.94,569.31,0
1095,2026-09-11,5.0,10.44,71.47,37.7,294.94,0
1095,2026-09-12,5.0,10.37,70.78,57.07,644.61,0
1095,2026-09-13,5.0,10.28,63.26,68.98,442.35,0
1096,2026-09-02,6.3,18.03,57.2,43.49,489.76,0
1096,2026-09-04,6.3,17.72,87.47,45.52,540.52,2
1096,2026-09-06,6.3,17.54,97.66,57.39,372.91,0
1096,2026-09-08,6.3,17.61,56.36,46.95,366.02,0
1096,2026-09-09,6.3,17.84,56.53,54.96,331.06,0
1096,2026-09-10,6.3,17.25,95.32,40.96,452.3,0
1096,2026-09-11,6.3,17.57,81.74,49.68,505.1,0
1096,2026-09-12,6.3,17.66,70.88,49.2,621.22,0
1096,2026-09-13,6.3,17.6,71.46,47.6,536.75,0
1097,2026-08-28,12.9,10.78,68.02,54.57,694.39,0
1097,2026-08-30,12.9,11.03,54.9,34.98,407.43,1
1097,2026-08-31,12.9,10.81,74.19,44.97,445.07,0
1097,2026-09-02,12.9,10.97,59.24,50.87,313.4,0
1097,2026-09-03,12.9,10.84,74.23,49.83,494.1,0
1097,2026-09-04,12.9,11.02,59.12,50.85,457.88,1
1097,2026-09-05,12.9,10.72,66.1,60.59,287.97,0
1097,2026-09-07,12.9,11.19,84.72,48.17,420.11,0
1097,2026-09-09,12.9,10.71,68.94,28.84,552.66,2
1097,2026-09-10,12.9,11.21,79.93,36.01,605.7,0
1097,2026-09-11,12.9,11.07,55.48,54.2,369.97,0
1097,2026-09-12,12.9,10.43,71.77,48.97,441.29,1
1097,2026-09-13,12.9,10.79,81.68,48.55,426.35,0
1098,2026-08-21,0.6,17.09,62.83,43.17,540.03,0
1098,2026-08-23,0.6,17.33,61.03,50.78,511.26,0
1098,2026-08-24,0.6,17.18,58.77,61.25,605.23,2
1098,2026-08-25,0.6,17.12,55.42,30.68,588.77,0
1098,2026-08-26,0.6,16.91,68.91,63.97,486.32,0
1098,2026-08-27,0.6,17.01,73.76,69.21,385.18,0
1098,2026-08-28,0.6,17.29,62.82,63.62,409.98,0
1098,2026-08-30,0.6,17.5,68.19,39.17,608.03,1
1098,2026-09-01,0.6,17.03,69.22,60.79,387.53,0
1098,2026-09-02,0.6,16.72,71.58,50.77,508.93,2
1098,2026-09-03,0.6,17.15,70.94,46.87,527.4,1
1098,2026-09-05,0.6,17.1,77.96,62.69,618.29,1
1098,2026-09-06,0.6,17.54,65.44,49.12,488.52,1
1098,2026-09-08,0.6,17.42,75.02,39.29,536.1,0
1098,2026-09-09,0.6,17.49,67.83,46.36,643.7,0
1098,2026-09-10,0.6,17.05,75.73,70.03,572.62,2
1098,2026-09-12,0.6,17.37,59.78,28.88,349.93,1
1098,2026-09-13,0.6,16.97,84.65,50.78,458.33,0
1099,2026-08-15,9.0,16.9,80.84,25.31,542.02,0
1099,2026-08-16,9.0,16.58,59.07,43.4,461.87,0
1099,2026-08-18,9.0,16.82,79.81,64.09,438.54,0
1099,2026-08-20,9.0,17.22,53.54,45.22,377.92,0
1099,2026-08-21,9.0,16.69,69.77,63.97,382.93,0
1099,2026-08-23,9.0,16.81,76.65,48.89,391.07,0
1099,2026-08-25,9.0,17.12,69.21,60.21,478.49,1
1099,2026-08-26,9.0,16.63,76.47,41.83,487.65,0
1099,2026-08-27,9.0,16.76,71.59,43.11,522.65,0
1099,2026-08-28,9.0,17.03,62.95,58.03,533.06,0
1099,2026-08-29,9.0,16.92,73.8,50.4,497.83,0
1099,2026-08-31,9.0,16.76,64.36,54.32,541.97,0
1099,2026-09-01,9.0,16.67,74.96,34.92,439.42,1
1099,2026-09-03,9.0,16.68,79.62,58.02,458.89,0
1099,2026-09-05,9.0,16.86,69.2,51.68,409.18,2
1099,2026-09-07,9.0,16.8,62.88,36.34,421.05,0
1099,2026-09-09,9.0,16.59,74.92,69.65,561.39,0
1099,2026-09-10,9.0,16.81,62.46,41.71,381.7,0
1099,2026-09-11,9.0,16.84,89.31,55.09,521.02,1
1099,2026-09-12,9.0,16.96,62.28,48.0,439.72,1
1099,2026-09-13,9.0,16.73,74.86,46.82,549.23,1
